Product_Title,Price,Shop_Name,Category,Availability,G-Price
ZADAK SPARK RGB 8GB DDR4 3200MHZ DESKTOP GAMING RAM,4500,TECHLAND,Ram,In Stock,4500.0
CORSAIR VENGEANCE LPX 8GB DDR4 3600MHZ DESKTOP RAM,3900,TECHLAND,Ram,In Stock,3900.0
CORSAIR VENGEANCE LPX 32GB (2 X 16) DDR4 3600MHZ DESKTOP RAM,15600,TECHLAND,Ram,In Stock,15600.0
CORSAIR VENGEANCE LPX 16GB DDR4 3200MHZ DESKTOP RAM,6600,TECHLAND,Ram,In Stock,6600.0
CORSAIR VENGEANCE LPX 8GB DDR4 3200MHZ DESKTOP RAM,3700,TECHLAND,Ram,In Stock,3700.0
APACER NOX 8GB DDR4 3200MHZ RGB AURA2 DIMM DESKTOP RAM,4400,TECHLAND,Ram,In Stock,4400.0
SILICON POWER XPOWER TURBINE 8GB 3200MHZ DDR4 UDIMM GAMING RAM,4500,TECHLAND,Ram,In Stock,4500.0
SILICON POWER XPOWER TURBINE 32GB (16 X 2) 3200MHZ DDR4 UDIMM GAMING RAM,16200,TECHLAND,Ram,In Stock,16200.0
SILICON POWER XPOWER TURBINE 16GB 3200MHZ DDR4 UDIMM GAMING RAM,8200,TECHLAND,Ram,In Stock,8200.0
SILICON POWER XPOWER TURBINE 16GB (8 X 2) 3200MHZ DDR4 UDIMM GAMING RAM,8700,TECHLAND,Ram,In Stock,8700.0
G.SKILL TRIDENT Z NEO 64GB (2 X 32GB) 3600MHZ RGB DDR4 RAM,29700,TECHLAND,Ram,In Stock,29700.0
G.SKILL TRIDENT Z ROYAL SERIES 32GB (2X16GB) 3200MHZ RGB SILVER DDR4 RAM,17200,TECHLAND,Ram,In Stock,17200.0
G.SKILL TRIDENT Z ROYAL SERIES 16GB 3200MHZ RGB SILVER DDR4 RAM,8600,TECHLAND,Ram,In Stock,8600.0
TEAM ELITE U-DIMM 8GB DDR3 1600MHZ DESKTOP RAM,3000,TECHLAND,Ram,In Stock,3000.0
ULTRADISK 8GB DDR4 2666MHZ DESKTOP RAM,2850,TECHLAND,Ram,In Stock,2850.0
ULTRADISK 4GB DDR4 2666MHZ DESKTOP RAM,1850,TECHLAND,Ram,In Stock,1850.0
TWINMOS 4GB DDR3 1333 BUS DESKTOP RAM,1700,RYANS,Ram,In Stock,1700.0
TWINMOS 4GB DDR3 1600 BUS DESKTOP RAM,1700,RYANS,Ram,In Stock,1700.0
GEIL PRISTINE 4GB DDR3 1600MHZ DESKTOP RAM #GP34GB1600C11SC,1800,RYANS,Ram,In Stock,1800.0
ADATA PREMIER 4GB DDR4 2666MHZ DESKTOP RAM #AD4U2666J4G19-R / AD4U26664G19-RGN,1850,RYANS,Ram,In Stock,1850.0
TWINMOS 4GB DDR4 2400MHZ DESKTOP RAM,1950,RYANS,Ram,In Stock,1950.0
APACER 4GB DDR3 1600MHZ DESKTOP RAM #DG.04G2K.KAM / AU04GFA60CATBGJ,2050,RYANS,Ram,In Stock,2050.0
TWINMOS 4GB DDR4 3200MHZ U-DIMM DESKTOP RAM,2100,RYANS,Ram,In Stock,2100.0
G.SKILL 4GB DDR4 2400MHZ DESKTOP RAM,2200,RYANS,Ram,In Stock,2200.0
G.SKILL RIPJAWS V 4GB DDR4 2400MHZ RED HEATSINK DESKTOP RAM,2400,RYANS,Ram,In Stock,2400.0
CORSAIR VENGEANCE LPX 4GB DDR4 2400 BUS DESKTOP RAM WITH BLACK HEATSINK #CMK4GX4M1A2400C16,2450,RYANS,Ram,In Stock,2450.0
G.SKILL RIPJAWS V 4GB DDR4 2666MHZ RED HEATSINK DESKTOP RAM,2500,RYANS,Ram,In Stock,2500.0
TWINMOS 8GB DDR3 1600 BUS DDR3 DESKTOP RAM,3050,RYANS,Ram,In Stock,3050.0
GEIL PRISTINE 8GB DDR4 2666MHZ DESKTOP RAM #GP48GB2666C19SC,3100,RYANS,Ram,In Stock,3100.0
GEIL PRISTINE 8GB DDR4 3200MHZ DESKTOP RAM #GP48GB3200C22SC,3100,RYANS,Ram,In Stock,3100.0
G.SKILL 8GB DDR4 2400 MHZ DESKTOP RAM,3400,RYANS,Ram,In Stock,3400.0
TWINMOS CONCORD RGB 8GB DDR4 2666MHZ PC4 GAMING DESKTOP RAM,3450,RYANS,Ram,In Stock,3450.0
G.SKILL RIPJAWS V 8GB DDR4 2400 MHZ RED HEATSINK DESKTOP RAM,3600,RYANS,Ram,In Stock,3600.0
G.SKILL RIPJAWS V 8GB DDR4 2666MHZ DESKTOP RAM,3800,RYANS,Ram,In Stock,3800.0
THERMALTAKE TOUGHRAM Z-ONE 8GB DDR4 3600MHZ DESKTOP RAM #R010D408GX1-3600C18S,4100,RYANS,Ram,In Stock,4100.0
G.SKILL TRIDENT Z 8GB DDR4 3200MHZ BLACK & RED HEATSINK DESKTOP RAM,4150,RYANS,Ram,In Stock,4150.0
ADATA 4 GB DDR4 2666 BUS DESKTOP RAM,1850,STARTECH,Ram,In Stock,1850.0
GEIL PRISTINE 4GB 2400MHZ DDR4 RAM,1900,STARTECH,Ram,In Stock,1900.0
PATRIOT 4GB DDR4 2666MHZ DESKTOP RAM,2150,STARTECH,Ram,In Stock,2150.0
CORSAIR VENGEANCE LPX 4GB (1X4GB) DDR4 DRAM 2400MHZ,2300,STARTECH,Ram,In Stock,2300.0
PATRIOT SIGNATURE LINE 4GB DDR4 2666MHZ HEATSINK DESKTOP RAM,2300,STARTECH,Ram,In Stock,2300.0
APACER PANTHER GOLDEN 4GB DDR4 2666MHZ DESKTOP RAM,2300,STARTECH,Ram,In Stock,2300.0
APACER 4GB DDR4 2666MHZ DESKTOP RAM,2300,STARTECH,Ram,In Stock,2300.0
GEIL EVO SPEAR 4GB DDR4 2666 MHZ RAM  ,2400,STARTECH,Ram,In Stock,2400.0
TEAM ELITE U-DIMM 4GB 2400MHZ DDR4 RAM ,2400,STARTECH,Ram,In Stock,2400.0
G.SKILL RIPJAWS V 4GB DDR4 2666MHZ RED HEATSINK DESKTOP RAM ,2500,STARTECH,Ram,In Stock,2500.0
TEAM ELITE PLUS 4GB 2666MHZ DDR4 U-DIMM DESKTOP RAM,2700,STARTECH,Ram,In Stock,2700.0
CRUCIAL 8GB SINGLE DDR4 2666MHZ DESKTOP RAM,3200,STARTECH,Ram,In Stock,3200.0
KINGSTON FURY BEAST 8GB 3200MHZ DDR4 DESKTOP RAM,3200,STARTECH,Ram,In Stock,3200.0
GEIL PRISTINE 8GB 2400MHZ DDR4 RAM,3300,STARTECH,Ram,In Stock,3300.0
TEAM ELITE PLUS RED 8GB 3200MHZ DDR4 U-DIMM DESKTOP RAM,3350,STARTECH,Ram,In Stock,3350.0
TEAM ELITE U-DIMM 8GB 2666MHZ DDR4 RAM ,3400,STARTECH,Ram,In Stock,3400.0
PATRIOT SIGNATURE LINE 8GB DDR4 3200MHZ HEATSINK DESKTOP RAM,3400,STARTECH,Ram,In Stock,3400.0
TEAM ELITE U-DIMM 8GB 2400MHZ DDR4 RAM ,3450,STARTECH,Ram,In Stock,3450.0
G.SKILL RIPJAWS-V 8GB DDR4 3200MHZ DESKTOP RAM,3500,STARTECH,Ram,In Stock,3500.0
TRANSCEND JETRAM 8GB DDR4 3200MHZ U-DIMM DESKTOP RAM,3500,STARTECH,Ram,In Stock,3500.0
G.SKILL TRIDENT-Z NEO 3600MHZ 8GB RGB DDR4 3600MHZ,11200,COMPUTER VILLAGE,Ram,In Stock,11200.0
TEAM T-FORCE DELTA 8GB DDR4 RGB 2666MHZ WHITE DESKTOP RAM,4300,COMPUTER VILLAGE,Ram,In Stock,4300.0
TEAM T-FORCE DELTA TUF RGB 8GB DDR4 3200MHZ CL16 GAMING DESKTOP RAM,4400,COMPUTER VILLAGE,Ram,In Stock,4400.0
TEAM T-FORCE VULCAN Z 8GB 3200MHZ DDR4 DESKTOP GAMING RAM,3750,COMPUTER VILLAGE,Ram,In Stock,3750.0
TEAM ELITE PLUS RED 8GB DDR4 U-DIMM 3200MHZ DESKTOP RAM,3650,COMPUTER VILLAGE,Ram,In Stock,3650.0
TEAM ELITE PLUS RED 8GB DDR4 2666MHZ RAM,3600,COMPUTER VILLAGE,Ram,In Stock,3600.0
TEAM T-FORCE ZEUS 8GB DDR4 3200MHZ DESKTOP GAMING RAM,3600,COMPUTER VILLAGE,Ram,In Stock,3600.0
TEAM T-FORCE VULCAN TUF 3200MHZ 8GB DDR4 GAMING ALLIANCE DESKTOP RAM,3800,COMPUTER VILLAGE,Ram,In Stock,3800.0
PNY XLR8 3200MHZ 16GB DDR4 DESKTOP GAMING RAM,6300,COMPUTER VILLAGE,Ram,In Stock,6300.0
PNY XLR8 GAMING EPIC-X RGB DESKTOP GAMING RAM,3700,COMPUTER VILLAGE,Ram,In Stock,3700.0
PNY XLR8 3200MHZ 8GB DDR4 DESKTOP GAMING RAM,3100,COMPUTER VILLAGE,Ram,In Stock,3100.0
ADATA 8 GB DDR4 2666 BUS DESKTOP RAM,3100,COMPUTER VILLAGE,Ram,In Stock,3100.0
THERMALTAKE WATER RAM RGB LIQUID COOLING 32GB(4 X 8GB) DDR4 3200MHZ DESKTOP RAM,38800,Skyland,Ram,In Stock,38800.0
CORSAIR VENGEANCE LPX 8GB 3200MHZ DDR4 DESKTOP RAM,5200,Skyland,Ram,In Stock,5200.0
PNY XLR8 8GB DDR4 3200MHZ DESKTOP GAMING RAM,4230,Skyland,Ram,In Stock,4230.0
CORSAIR VENGEANCE LPX 8GB DDR4 2400MHZ DESKTOP RAM,4700,Skyland,Ram,In Stock,4700.0
PNY XLR8 GAMING EPIC-X RGB 8GB DDR4 3200MHZ DESKTOP RAM,4300,Skyland,Ram,In Stock,4300.0
CORSAIR VENGEANCE RGB PRO 8GB DDR4 3200MHZ RAM (WHITE),4800,Skyland,Ram,In Stock,4800.0
RAMSTA 8GB DDR4 2400MHZ DESKTOP RAM,3200,Skyland,Ram,In Stock,3200.0
PATRIOT VIPER STEEL 8GB DDR4 3200MHZ DESKTOP RAM,4200,Skyland,Ram,In Stock,4200.0
G.SKILL RIPJAWS-V 8GB DDR4 3200MHZ DESKTOP RAM,4200,Skyland,Ram,In Stock,4200.0
G.SKILL NT-SERIES 8GB DDR3 1600MHZ DESKTOP RAM,3800,Skyland,Ram,In Stock,3800.0
G.SKILL TRIDENT Z RGB 8GB DDR4 3200MHZ DESKTOP RAM,5000,Skyland,Ram,In Stock,5000.0
APACER PANTHER GOLDEN 4GB DDR4 2400MHZ DESKTOP RAM,2050,Skyland,Ram,In Stock,2050.0
THERMALTAKE TOUGHRAM 8GB 3200MHZ DDR4 DESKTOP RAM,4500,Skyland,Ram,In Stock,4500.0
G.SKILL TRIDENT Z 8GB DDR4 3200MHZ DESKTOP RAM,5200,Skyland,Ram,In Stock,5200.0
KINGSTON FURY BEAST RGB 8GB 3000MHZ DDR4 DESKTOP RAM,4200,Skyland,Ram,In Stock,4200.0
CORSAIR VENGEANCE LPX 4GB DDR4 2400MHZ DESKTOP RAM,2650,Skyland,Ram,In Stock,2650.0
TEAM T-FORCE DELTA RGB 32GB (16GBX2) 6000MHZ DDR5 GAMING RAM BLACK,38500,TECHLAND,Ram,In Stock,38500.0
PATRIOT VIPER STEEL GAMING RGB 8GB DDR4 3600MHZ DESKTOP RAM,4500,TECHLAND,Ram,In Stock,4500.0
PATRIOT VIPER STEEL GAMING RGB 16GB DDR4 3600MHZ DESKTOP RAM,7800,TECHLAND,Ram,In Stock,7800.0
PATRIOT SIGNATURE LINE 16GB DDR4 2666MHZ DESKTOP RAM,6000,TECHLAND,Ram,In Stock,6000.0
LEVEN 4GB DDR4 2400MHZ UDIMM DESKTOP RAM,1950,TECHLAND,Ram,In Stock,1950.0
CRUCIAL 8GB 2666MHZ DDR4 DESKTOP RAM,3100,TECHLAND,Ram,In Stock,3100.0
CRUCIAL 4GB DDR4-2400 UDIMM DESKTOP RAM,2100,TECHLAND,Ram,In Stock,2100.0
CRUCIAL 16GB 2666MHZ DDR4 DESKTOP RAM,6300,TECHLAND,Ram,In Stock,6300.0
CORSAIR VENGEANCE RGB RS 16GB (2 X 8GB) DDR4 3600MHZ DESKTOP RAM,9600,TECHLAND,Ram,In Stock,9600.0
CORSAIR DOMINATOR PLATINUM RGB 16GB DDR5 5600MHZ RAM (WHITE),22000,TECHLAND,Ram,In Stock,22000.0
CORSAIR DOMINATOR PLATINUM RGB 16GB DDR5 5600MHZ C36 RAM,21500,TECHLAND,Ram,In Stock,21500.0
ANACOMDA ERYX TATACIUS 8GB 3200MHZ DDR4 RGB DESKTOP RAM (WHITE),3950,TECHLAND,Ram,In Stock,3950.0
ANACOMDA ERYX TATACIUS 8GB 3200MHZ DDR4 RGB DESKTOP RAM,3950,TECHLAND,Ram,In Stock,3950.0
ADATA XPG LANCER 16GB DDR5 6000MHZ GAMING DESKTOP RAM,14500,TECHLAND,Ram,In Stock,14500.0
ADATA XPG GAMMIX D20 8GB DDR4 3200MHZ DESKTOP RAM,3650,TECHLAND,Ram,In Stock,3650.0
TEAM T-FORCE DELTA RGB 32GB (16GBX2) 6000MHZ DDR5 GAMING RAM WHITE,39000,TECHLAND,Ram,In Stock,39000.0
G.SKILL TRIDENT Z RGB 8GB DDR4 3200MHZ BLACK HEATSINK GAMING DESKTOP RAM,4800,RYANS,Ram,In Stock,4800.0
CORSAIR VENGEANCE RGB RS 8GB DDR4 3600MHZ BLACK HEATSINK DESKTOP RAM #CMG8GX4M1D3600C18,5000,RYANS,Ram,In Stock,5000.0
THERMALTAKE TOUGHRAM XG RGB 8GB DDR4 3600MHZ DESKTOP RAM #R016D408GX2-3600C18A,5600,RYANS,Ram,In Stock,5600.0
G.SKILL TRIDENT Z ROYAL RGB 8GB DDR4 3600MHZ GOLD HEATSINK DESKTOP RAM,5700,RYANS,Ram,In Stock,5700.0
G.SKILL TRIDENT Z ROYAL RGB 8GB DDR4 3200MHZ GOLD HEATSINK DESKTOP RAM,5750,RYANS,Ram,In Stock,5750.0
G.SKILL TRIDENT Z ROYAL RGB 8GB DDR4 3200MHZ DESKTOP RAM,6100,RYANS,Ram,In Stock,6100.0
G.SKILL TRIDENT Z ROYAL RGB 8GB DDR4 3600MHZ SILVER HEATSINK DESKTOP RAM,6100,RYANS,Ram,In Stock,6100.0
G.SKILL 8GB DDR4 3200MHZ FLARE X (RECOMENDED WITH AMD RYZEN) DESKTOP RAM,6300,RYANS,Ram,In Stock,6300.0
THERMALTAKE TOUGHRAM XG RGB 8GB DDR4 4000MHZ BLACK DESKTOP RAM #R016D408GX2-4000C19A,6550,RYANS,Ram,In Stock,6550.0
G.SKILL RIPJAWS V 16GB DDR4 2400MHZ DESKTOP RAM,6600,RYANS,Ram,In Stock,6600.0
TEAM 8GB DDR4 3466MHZ DESKTOP RAM,7500,RYANS,Ram,In Stock,7500.0
CORSAIR VENGEANCE RGB RS 16GB DDR4 3600MHZ BLACK HEATSINK DESKTOP RAM #CMG16GX4M1D3600C18,8000,RYANS,Ram,In Stock,8000.0
G.SKILL TRIDENT Z ROYAL RGB 8GB DDR4 4266MHZ SILVER HEATSINK DESKTOP RAM #F4-4266C19D-16GTRS,8050,RYANS,Ram,In Stock,8050.0
ADATA 16GB DDR4 2666MHZ DESKTOP RAM,8500,RYANS,Ram,In Stock,8500.0
THERMALTAKE TOUGHRAM XG RGB 16GB DDR4 3600MHZ BLACK DESKTOP RAM #R016D416GX2-3600C18A,9700,RYANS,Ram,In Stock,9700.0
THERMALTAKE TOUGHRAM XG RGB 16GB DDR4 3600MHZ WHITE DESKTOP RAM #RG06D416GX2-3600C18B,9700,RYANS,Ram,In Stock,9700.0
CORSAIR DOMINATOR PLATINUM RGB 16GB DDR4 3200MHZ GAMING DESKTOP RAM #CMT32GX4M2E3200C16,10700,RYANS,Ram,In Stock,10700.0
THERMALTAKE TOUGHRAM XG RGB 16GB DDR4 4000MHZ BLACK DESKTOP RAM #R016D416GX2-4000C19A,11350,RYANS,Ram,In Stock,11350.0
THERMALTAKE TOUGHRAM XG RGB 16GB DDR4 4000MHZ DESKTOP RAM #RG06D416GX2-4000C19B,11800,RYANS,Ram,In Stock,11800.0
APACER 16GB DDR5 4800MHZ DESKTOP RAM #FL.16G2A.PTH / AU16GHB48CTBBGH,12750,RYANS,Ram,In Stock,12750.0
APACER PANTHER GOLDEN 8GB DDR4 3200MHZ DESKTOP RAM,3500,STARTECH,Ram,In Stock,3500.0
APACER 8GB DDR4 3200MHZ DESKTOP RAM,3500,STARTECH,Ram,In Stock,3500.0
CORSAIR VENGEANCE LPX 8GB 3200MHZ DDR4 DESKTOP RAM,3550,STARTECH,Ram,In Stock,3550.0
TEAM ELITE PLUS RED 8GB 2666MHZ DDR4 RAM,3600,STARTECH,Ram,In Stock,3600.0
TEAM T-FORCE VULCAN Z RED 8GB DDR4 3200MHZ DESKTOP GAMING RAM,3650,STARTECH,Ram,In Stock,3650.0
TEAM T-FORCE VULCAN TUF GAMING ALLIANCE 8GB 3200MHZ DDR4 DESKTOP RAM,3700,STARTECH,Ram,In Stock,3700.0
APACER NOX RGB AURA2 8GB DDR4 2666MHZ DESKTOP RAM,3700,STARTECH,Ram,In Stock,3700.0
ZADAK TWIST 8GB DDR4 3200MHZ DESKTOP RAM,3750,STARTECH,Ram,In Stock,3750.0
TEAM T-FORCE VULCAN Z 8GB DDR4 3200MHZ DESKTOP GAMING RAM,3750,STARTECH,Ram,In Stock,3750.0
TEAM T-FORCE DARK Z RED 8GB DDR4 3200MHZ GAMING DESKTOP RAM,3750,STARTECH,Ram,In Stock,3750.0
PNY XLR8 GAMING EPIC-X RGB 8GB DDR4 3200MHZ DESKTOP RAM,3900,STARTECH,Ram,In Stock,3900.0
KINGSTON FURY BEAST RGB 8GB 3200MHZ DDR4 DESKTOP RAM,3900,STARTECH,Ram,In Stock,3900.0
TEAM T-FORCE DARK Z RED 8GB DDR4 3600MHZ GAMING DESKTOP RAM,4000,STARTECH,Ram,In Stock,4000.0
G.SKILL TRIDENT Z 8GB DDR4 3200MHZ DESKTOP RAM,4150,STARTECH,Ram,In Stock,4150.0
CORSAIR VENGEANCE RGB RS 8GB DDR4 3200MHZ RAM,4200,STARTECH,Ram,In Stock,4200.0
APACER PANTHER RAGE 8GB DDR4 RGB  2666MHZ DESKTOP RAM,4200,STARTECH,Ram,In Stock,4200.0
TEAM DELTA UD 8GB 2666MHZ RGB DDR4 DESKTOP RAM,4300,STARTECH,Ram,In Stock,4300.0
TEAM T-FORCE DELTA 8GB 2666MHZ DDR4 RGB WHITE DESKTOP RAM,4300,STARTECH,Ram,In Stock,4300.0
TEAM T-FORCE DELTA TUF GAMING RGB 8GB 3200MHZ DDR4 CL16 DESKTOP RAM,4400,STARTECH,Ram,In Stock,4400.0
TEAM T-FORCE DELTA 8GB 3200MHZ DDR4 RGB WHITE DESKTOP GAMING RAM,4450,STARTECH,Ram,In Stock,4450.0
TEAM NIGHT HAWK UD RGB 16GB (2 X 8GB) DDR4 3200MHZ DESKTOP RAM,11500,Skyland,Ram,In Stock,11500.0
TEAM DELTA RGB 4GB DDR4 2666MHZ DESKTOP RAM,2500,Skyland,Ram,In Stock,2500.0
PATRIOT VIPER GAMING RGB 8GB DDR4 3200MHZ DESKTOP RAM,5000,Skyland,Ram,In Stock,5000.0
GIGABYTE 8GB DDR4 2666MHZ DESKTOP RAM,3400,Skyland,Ram,In Stock,3400.0
CORSAIR VENGEANCE RGB PRO 8GB DDR4 3200MHZ RAM,4800,Skyland,Ram,In Stock,4800.0
CORSAIR VENGEANCE LPX 8GB DDR4 3600MHZ RAM,4400,Skyland,Ram,In Stock,4400.0
THERMALTAKE TOUGHRAM RGB 8GB DDR4 3200MHZ DESKTOP RAM,5400,Skyland,Ram,In Stock,5400.0
G.SKILL TRIDENT Z 16GB DDR4 3200MHZ DESKTOP RAM,8800,Skyland,Ram,In Stock,8800.0
GEIL EVO SPEAR 8GB DDR4 2666MHZ DESKTOP RAM,3100,Skyland,Ram,In Stock,3100.0
GEIL EVO SPEAR 4GB DDR4 2400MHZ DESKTOP RAM,2250,Skyland,Ram,In Stock,2250.0
PATRIOT SIGNATURE LINE PREMIUM 8GB DDR4 2666MHZ DESKTOP RAM,4600,Skyland,Ram,In Stock,4600.0
LEVEN SINBA 8GB DDR4 3200MHZ GAMING DESKTOP RAM,3200,Skyland,Ram,In Stock,3200.0
G.SKILL RIPJAWS-V 4GB DDR4 2400MHZ DESKTOP RAM,2400,Skyland,Ram,In Stock,2400.0
G.SKILL RIPJAWS-V 4GB DDR4 2666MHZ DESKTOP RAM,2800,Skyland,Ram,In Stock,2800.0
G.SKILL RIPJAWS-V 8GB DDR4 2666MHZ DESKTOP RAM,4800,Skyland,Ram,In Stock,4800.0
CORSAIR VENGEANCE RGB PRO SL 8GB DDR4 3600MHZ RAM WHITE,5200,Skyland,Ram,In Stock,5200.0
GIGABYTE AORUS DDR5 16GB DESKTOP RAM,15500,COMPUTER VILLAGE,Ram,In Stock,15500.0
TRANSCEND DDR4 32GB 2666MHZ DESKTOP RAM,15000,COMPUTER VILLAGE,Ram,In Stock,15000.0
TRANSCEND DDR4 8GB 2666MHZ DESKTOP RAM,3400,COMPUTER VILLAGE,Ram,In Stock,3400.0
AORUS RGB MEMORY DDR4 16GB (2X8GB) 3333MHZ,10000,COMPUTER VILLAGE,Ram,In Stock,10000.0
AORUS RGB MEMORY DDR4 16GB (2X8GB) 3733MHZ,10000,COMPUTER VILLAGE,Ram,In Stock,10000.0
TEAM XTREEM 8GB 3200 MHZ ARGB DDR4 GAMING RAM,6950,COMPUTER VILLAGE,Ram,In Stock,6950.0
TEAM DELTA RGB 8GB 3600MHZ DDR4 DESKTOP RAM,4700,COMPUTER VILLAGE,Ram,In Stock,4700.0
TEAM DELTA RGB 8GB DDR4 3200MHZ DESKTOP RAM,5700,COMPUTER VILLAGE,Ram,In Stock,5700.0
TEAM DARK 8GB DDR4 3200 MHZ GAMING DESKTOP MEMORY,5100,COMPUTER VILLAGE,Ram,In Stock,5100.0
TEAM VULCAN Z 8GB DDR4 3200MHZ GAMING RAM,5050,COMPUTER VILLAGE,Ram,In Stock,5050.0
TEAM ELITE PLUS 8GB 3200MHZ DDR4 U-DIMM DESKTOP RAM,5000,COMPUTER VILLAGE,Ram,In Stock,5000.0
TEAM ELITE U-DIMM 8GB 2666MHZ DDR4 RAM,3400,COMPUTER VILLAGE,Ram,In Stock,3400.0
LEVEN LARES 8GB DDR4 2666MHZ UDIMM DESKTOP RAM,3800,TECHLAND,Ram,In Stock,3800.0
LEVEN LARES 8GB DDR3 1600MHZ UDIMM DESKTOP RAM,3150,TECHLAND,Ram,In Stock,3150.0
HIKVISION HS-UDIMMU10 8GB 3200MHZ DDR4 DESKTOP RAM ,3600,TECHLAND,Ram,In Stock,3600.0
HIKVISION HS-UDIMM-U1 4GB 2666MHZ DDR4 DESKTOP RAM ,2350,TECHLAND,Ram,In Stock,2350.0
CORSAIR DOMINATOR PLATINUM RGB 8GB DDR4 3200MHZ DESKTOP RAM,5700,TECHLAND,Ram,In Stock,5700.0
LEVEN LARES 4GB DDR3 1600MHZ UDIMM DESKTOP RAM,1800,TECHLAND,Ram,In Stock,1800.0
PNY XLR8 GAMING 16GB DDR4 3200MHZ DESKTOP RAM,6100,TECHLAND,Ram,In Stock,6100.0
LEVEN 8GB DDR4 3200MHZ RGB GAMING DESKTOP RAM,4500,TECHLAND,Ram,In Stock,4500.0
TRANSCEND JETRAM 16GB DDR4 3200MHZ U-DIMM DESKTOP RAM,9000,TECHLAND,Ram,In Stock,9000.0
OLOY WARHAWK 8GB 3200MHZ DDR4 DESKTOP RAM,3700,TECHLAND,Ram,In Stock,3700.0
OLOY 8GB 3600MHZ DDR4 DESKTOP RAM,3700,TECHLAND,Ram,In Stock,3700.0
KINGSTON HX432C16FB3A FURY 8GB 3200MHZ DDR4 RGB DESKTOP RAM,3900,TECHLAND,Ram,In Stock,3900.0
KINGSTON FURY BEAST 8GB 3200MHZ DDR4 DESKTOP RAM,3300,TECHLAND,Ram,In Stock,3300.0
KINGSTON FURY BEAST RGB 8GB 3000MHZ DDR4 DESKTOP RAM,3200,TECHLAND,Ram,In Stock,3200.0
PATRIOT VIPER STEEL 16GB 3200MHZ DDR4 GAMING DESKTOP RAM,6200,TECHLAND,Ram,In Stock,6200.0
OLOY 16GB 3200MHZ DDR4 DESKTOP RAM,7800,TECHLAND,Ram,In Stock,7800.0
TRANSCEND JETRAM 16GB DDR5 4800MHZ U-DIMM DESKTOP RAM #JM4800ALE-16G,14000,RYANS,Ram,In Stock,14000.0
CORSAIR VENGEANCE 16GB DDR5 5200MHZ BLACK DESKTOP RAM #CMK16GX5M1B5200C40,15750,RYANS,Ram,In Stock,15750.0
G.SKILL TRIDENT Z5 RGB 16GB DDR5 5600MHZ SILVER GAMING DESKTOP RAM #F5-5600J3036D16GX2-TZ5RS,17300,RYANS,Ram,In Stock,17300.0
G.SKILL RIPJAWS S5 16GB DDR5 6000MHZ BLACK GAMING DESKTOP RAM #F5-6000J3238F16GX2-RS5K,17500,RYANS,Ram,In Stock,17500.0
CORSAIR VENGEANCE 16GB DDR5 5600MHZ BLACK DESKTOP RAM #CMK16GX5M1B5600C40,18300,RYANS,Ram,In Stock,18300.0
CORSAIR DOMINATOR PLATINUM RGB 16GB DDR5 5600MHZ WHITE HEATSINK DESKTOP RAM #CMT32GX5M2B5600C36W,22500,RYANS,Ram,In Stock,22500.0
TRANSCEND JETRAM 32GB DDR5 4800MHZ U-DIMM DESKTOP RAM #JM4800ALE-32G,26200,RYANS,Ram,In Stock,26200.0
CORSAIR VENGEANCE 32GB DDR5 5200MHZ BLACK HEATSINK DESKTOP RAM #CMK32GX5M1B5200C40,29000,RYANS,Ram,In Stock,29000.0
CORSAIR VENGEANCE 32GB DDR5 5600MHZ BLACK HEATSINK DESKTOP RAM #CMK32GX5M1B5600C40,32000,RYANS,Ram,In Stock,32000.0
CORSAIR VENGEANCE LPX 8GB DDR4 2400MHZ BLACK HEATSINK DESKTOP RAM,3600,RYANS,Ram,In Stock,3600.0
G.SKILL 4GB DDR3 1600MHZ DESKTOP RAM,2000,RYANS,Ram,In Stock,2000.0
TRANSCEND JETRAM 4GB DDR4 3200MHZ U-DIMM DESKTOP RAM #JM3200HLH-4G,2150,RYANS,Ram,In Stock,2150.0
TRANSCEND JETRAM 4GB DDR4 2666MHZ U-DIMM DESKTOP RAM,2400,RYANS,Ram,In Stock,2400.0
TEAM ELITE 4GB DDR4 2400MHZ DESKTOP RAM #TED44G2400C1601,2400,RYANS,Ram,In Stock,2400.0
GEIL PRISTINE 8GB DDR3 1600MHZ DESKTOP RAM #GP38GB1600C11SC,2900,RYANS,Ram,In Stock,2900.0
ADATA 8GB DDR4 3200MHZ DESKTOP RAM #AD4U32008G22-RGN,3300,RYANS,Ram,In Stock,3300.0
LEXAR 8GB DDR4 3200MHZ DESKTOP RAM #LD4AU008G-R3200GSST / LD4AU008G-B3200GSST,3300,RYANS,Ram,In Stock,3300.0
APACER 8GB DDR3 1600MHZ DESKTOP RAM #DG.08G2K.KAM / AU08GFA60CATBGJ,3350,RYANS,Ram,In Stock,3350.0
TEAM ELITE 8GB DDR4 2400MHZ DESKTOP RAM #TED48G2400C1601,3350,RYANS,Ram,In Stock,3350.0
TEAM ELITE 8GB DDR4 2666MHZ DESKTOP RAM #TED48G2666C1901,3400,RYANS,Ram,In Stock,3400.0
THERMALTAKE TOUGHRAM Z-ONE RGB 8GB DDR4 3200MHZ DESKTOP RAM,4500,STARTECH,Ram,In Stock,4500.0
PATRIOT VIPER STEEL 8GB DDR4 3200MHZ GAMING RGB DESKTOP RAM,4500,STARTECH,Ram,In Stock,4500.0
APACER NOX RGB AURA2 8GB DDR4 3200MHZ DESKTOP RAM,4500,STARTECH,Ram,In Stock,4500.0
G.SKILL RIPJAWS V 8GB DDR4 3600MHZ DESKTOP RAM,4600,STARTECH,Ram,In Stock,4600.0
G.SKILL TRIDENT Z RGB 8GB DDR4 3200MHZ GAMING DESKTOP RAM,4800,STARTECH,Ram,In Stock,4800.0
ADATA XPG SPECTRIX D50 8GB DDR4 3200MHZ RGB GAMING RAM,4800,STARTECH,Ram,In Stock,4800.0
ZADAK SPARK RGB 8GB DDR4 3200MHZ DESKTOP GAMING RAM,4800,STARTECH,Ram,In Stock,4800.0
ADATA XPG SPECTRIX D50 8GB DDR4 3600MHZ RGB GAMING RAM,4900,STARTECH,Ram,In Stock,4900.0
THERMALTAKE TOUGHRAM Z-ONE RGB 8GB 3600MHZ DDR4 DESKTOP RAM,4425,STARTECH,Ram,In Stock,4425.0
KINGSTON FURY BEAST 16GB 3200MHZ DDR4 DESKTOP RAM,6000,STARTECH,Ram,In Stock,6000.0
G.SKILL TRIDENT Z ROYAL 8GB DDR4 3200MHZ SILVER HEATSINK DESKTOP RAM,6100,STARTECH,Ram,In Stock,6100.0
G.SKILL RIPJAWS V 16GB DDR4 3200MHZ DESKTOP RAM (BLACK),6250,STARTECH,Ram,In Stock,6250.0
TEAM T-FORCE VULCAN Z RED 16GB DDR4 3200MHZ DESKTOP GAMING RAM,6500,STARTECH,Ram,In Stock,6500.0
KINGSTON FURY BEAST RGB 16GB 3200MHZ DDR4 DESKTOP RAM,6500,STARTECH,Ram,In Stock,6500.0
G.SKILL TRIDENT Z 16GB DDR4 3200MHZ HEATSINK DESKTOP RAM,6600,STARTECH,Ram,In Stock,6600.0
TEAM T-FORCE DARK Z RED 16GB DDR4 3200MHZ GAMING DESKTOP RAM,6600,STARTECH,Ram,In Stock,6600.0
TEAM VULCAN Z RED 16GB DDR4 2666 MHZ GAMING RAM,6700,STARTECH,Ram,In Stock,6700.0
TEAM XTREEM 8GB 3200 MHZ ARGB DDR4 GAMING RAM,5900,STARTECH,Ram,In Stock,5900.0
TEAM NIGHT HAWK UD 8GB 4000MHZ RGB DDR4 DESKTOP RAM,6500,STARTECH,Ram,In Stock,6500.0
CORSAIR DOMINATOR PLATINUM 16GB 5200MHZ DESKTOP RAM,16500,Skyland,Ram,In Stock,16500.0
CORSAIR VENGEANCE RGB PRO SL 8GB DDR4 3200MHZ RAM WHITE,4800,Skyland,Ram,In Stock,4800.0
CORSAIR VENGEANCE RGB RS 8GB DDR4 3200MHZ RAM,4500,Skyland,Ram,In Stock,4500.0
THERMALTAKE TOUGHRAM Z-ONE RGB 8GB 3600MHZ DDR4 DESKTOP RAM,5100,Skyland,Ram,In Stock,5100.0
AITC RAPIDEZ 8GB DDR4 3600MHZ RGB DESKTOP RAM,4900,Skyland,Ram,In Stock,4900.0
AITC KINGSMAN 8GB DDR4 3600MHZ RGB DESKTOP RAM,4800,Skyland,Ram,In Stock,4800.0
TEAM DELTA UD RGB 8GB DDR4 2666MHZ DESKTOP RAM,4900,Skyland,Ram,In Stock,4900.0
TEAM VULCAN Z 4GB DDR4 2666 MHZ DESKTOP RAM,2650,Skyland,Ram,In Stock,2650.0
G.SKILL TRIDENT Z RGB 8GB DDR4 2400MHZ DESKTOP RAM,4700,Skyland,Ram,In Stock,4700.0
G.SKILL TRIDENT Z RGB 16GB DDR4 3200MHZ DESKTOP RAM,9800,Skyland,Ram,In Stock,9800.0
GEIL 4GB 1600MHZ DDR3 DESKTOP RAM,1750,Skyland,Ram,In Stock,1750.0
ADATA 4GB DDR3 1600 BUS,1700,Skyland,Ram,In Stock,1700.0
WALTON WDR4L0826NN3 8GB DDR4 2666 MHZ U-DIMM DESKTOP RAM,3250,Skyland,Ram,In Stock,3250.0
TEAM T-FORCE ZEUS 8GB 2666MHZ DDR4 DESKTOP GAMING RAM,3500,Skyland,Ram,In Stock,3500.0
AITC KINGSMAN 8GB DDR4 2666MHZ RGB DESKTOP RAM,3900,Skyland,Ram,In Stock,3900.0
TEAM T-FORCE DARK 8GB DDR4 3200 MHZ DESKTOP RAM,4099,Skyland,Ram,In Stock,4099.0
PATRIOT VIPER GAMING RGB 8GB DDR4 3200MHZ DESKTOP RAM,4000,TECHLAND,Ram,In Stock,4000.0
PATRIOT VIPER GAMING RGB 16GB DDR4 3200MHZ DESKTOP RAM,7000,TECHLAND,Ram,In Stock,7000.0
G.SKILL TRIDENT Z RGB 16GB DDR4 3200MHZ DESKTOP RAM,7400,TECHLAND,Ram,In Stock,7400.0
CORSAIR VENGEANCE RGB RS 8GB(1 X 8GB) DDR4 3200MHZ DESKTOP RAM,4500,TECHLAND,Ram,In Stock,4500.0
G.SKILL TRIDENT Z 16GB DDR4 3200MHZ DESKTOP RAM,6600,TECHLAND,Ram,In Stock,6600.0
CORSAIR VENGEANCE RGB PRO SL 8GB DDR4 3200MHZ DESKTOP RAM,4500,TECHLAND,Ram,In Stock,4500.0
CORSAIR VENGEANCE RGB PRO SL 16GB (2X8GB) DDR4 3200MHZ DESKTOP RAM,9000,TECHLAND,Ram,In Stock,9000.0
APACER 16GB DDR5 4800MHZ DESKTOP RAM,12500,TECHLAND,Ram,In Stock,12500.0
G.SKILL TRIDENT Z RGB 8GB DDR4 3200MHZ DESKTOP RAM ,4800,TECHLAND,Ram,In Stock,4800.0
G.SKILL NT-SERIES 8GB DDR4 2400MHZ DESKTOP RAM,3400,TECHLAND,Ram,In Stock,3400.0
CORSAIR VENGEANCE RGB PRO SL 16GB (2X8GB) DDR4 3600MHZ DESKTOP RAM,9400,TECHLAND,Ram,In Stock,9400.0
G.SKILL TRIDENT Z ROYAL ELITE 16GB (2X8GB) DDR4 3600MHZ RGB RAM,17000,TECHLAND,Ram,In Stock,17000.0
G.SKILL TRIDENT Z ROYAL ELITE 16GB (2X8GB) DDR4 3600MHZ RGB RAM,23000,TECHLAND,Ram,In Stock,23000.0
G.SKILL RIPJAWS-V 8GB DDR4 3400MHZ DESKTOP RAM,4200,TECHLAND,Ram,In Stock,4200.0
PATRIOT VIPER STEEL 16GB 3600MHZ DDR4 DESKTOP RAM,7400,TECHLAND,Ram,In Stock,7400.0
CORSAIR VENGEANCE RGB PRO SL 32GB (2X16GB) DDR4 3600MHZ DESKTOP RAM,15800,TECHLAND,Ram,In Stock,15800.0
TEAM ELITE U-DIMM 8GB 2400MHZ DDR4 RAM,3350,COMPUTER VILLAGE,Ram,In Stock,3350.0
TWINMOS 8GB 3200MHZ DDR4 DESKTOP RAM,3200,COMPUTER VILLAGE,Ram,In Stock,3200.0
CRUCIAL 4GB DDR4 2666MHZ U-DIMM DESKTOP RAM,2200,COMPUTER VILLAGE,Ram,In Stock,2200.0
PATRIOT SIGNATURE LINE PREMIUM 4GB DDR4 2400MHZ DESKTOP RAM WITH HEATSINK,2350,COMPUTER VILLAGE,Ram,In Stock,2350.0
GIGABYTE AORUS 8GB RGB DDR4 3600MHZ DESKTOP RAM,5500,COMPUTER VILLAGE,Ram,In Stock,5500.0
G.SKILL 8GB DDR4 2666MHZ DESKTOP RAM,3400,RYANS,Ram,In Stock,3400.0
GIGABYTE 8GB DDR4 2666MHZ BLACK HEATSINK DESKTOP RAM,3400,RYANS,Ram,In Stock,3400.0
TRANSCEND JETRAM 8GB DDR4 3200MHZ U-DIMM DESKTOP RAM #JM3200HLG-8G / JM3200HLB-8G,3500,RYANS,Ram,In Stock,3500.0
TEAM T-FORCE ZEUS 8GB DDR4 3200MHZ GAMING DESKTOP RAM #TTZD48G3200HC16F01,3500,RYANS,Ram,In Stock,3500.0
CORSAIR VENGEANCE LPX 8GB DDR4 3200MHZ BLACK HEATSINK DESKTOP RAM,3550,RYANS,Ram,In Stock,3550.0
TEAM ELITE PLUS 8GB DDR4 3200MHZ DESKTOP RAM #TPRD48G3200HC2201,3550,RYANS,Ram,In Stock,3550.0
ADATA XPG GAMMIX D20 8GB DDR4 3200MHZ GAMING DESKTOP RAM,3600,RYANS,Ram,In Stock,3600.0
TEAM VULCAN Z 8GB DDR4 3200 MHZ DESKTOP RAM #TLZRD48G3200HC16F01,3725,RYANS,Ram,In Stock,3725.0
TEAM VULCAN Z 8GB DDR4 3200 MHZ HEATSINK DESKTOP RAM,3750,RYANS,Ram,In Stock,3750.0
TEAM VULCAN TUF 8GB DDR4 3200 MHZ HEATSINK DESKTOP RAM,3800,RYANS,Ram,In Stock,3800.0
TEAM T-FORCE DARK Z 8GB DDR4 3200 MHZ HEATSINK DESKTOP RAM,3850,RYANS,Ram,In Stock,3850.0
TEAM T-FORCE DARK Z 8GB DDR4 3200 MHZ RED HEATSINK DESKTOP RAM,3850,RYANS,Ram,In Stock,3850.0
ADATA XPG SPECTRIX D50 RGB 8GB DDR4 3200MHZ GAMING DESKTOP RAM #AX4U32008G16A-ST50,3900,RYANS,Ram,In Stock,3900.0
CORSAIR VENGEANCE LPX 8GB DDR4 3600MHZ DESKTOP RAM #CMK8GX4M1Z3600C18,3900,RYANS,Ram,In Stock,3900.0
ADATA GAMMIX D30 8GB DDR4 3000MHZ GAMING DESKTOP RAM,4000,RYANS,Ram,In Stock,4000.0
ADATA XPG SPECTRIX D60G RGB 8GB 3200MHZ GAMING DESKTOP RAM #AX4U320038G16A-ST60/AX4U32008G16A-ST60,4200,RYANS,Ram,In Stock,4200.0
G.SKILL TRIDENT Z 8GB DDR4 3200 MHZ WHITE & BLACK DESKTOP RAM,4300,RYANS,Ram,In Stock,4300.0
CORSAIR VENGEANCE RGB PRO SL 8GB DDR4 3200MHZ DESKTOP RAM #CMH16GX4M2E3200C16W,4400,RYANS,Ram,In Stock,4400.0
THERMALTAKE TOUGHRAM Z-ONE RGB 8GB DDR4 3600MHZ DESKTOP RAM #R019D408GX2-3600C18A,4425,RYANS,Ram,In Stock,4425.0
CORSAIR VENGEANCE RGB RS 8GB DDR4 3200MHZ BLACK HEATSINK DESKTOP RAM #CMG8GX4M1E3200C16,4500,RYANS,Ram,In Stock,4500.0
APACER NOX RGB AURA2 16GB DDR4 2666MHZ DESKTOP RAM,7300,STARTECH,Ram,In Stock,7300.0
G.SKILL TRIDENT Z 16GB DDR4 3200MHZ RGB DESKTOP RAM,7400,STARTECH,Ram,In Stock,7400.0
TEAM T-FORCE DELTA RGB WHITE 16GB 3200MHZ DDR4 GAMING DESKTOP RAM,7400,STARTECH,Ram,In Stock,7400.0
TEAM T-FORCE DELTA TUF GAMING RGB 16GB 3200MHZ DDR4 DESKTOP RAM,7400,STARTECH,Ram,In Stock,7400.0
ADATA XPG GAMMIX D20 16GB DDR4 3200MHZ GAMING DESKTOP RAM,7450,STARTECH,Ram,In Stock,7450.0
APACER NOX 16GB DDR4 3200MHZ RGB AURA2 DESKTOP RAM,7500,STARTECH,Ram,In Stock,7500.0
TEAM ELITE U-DIMM 16GB 2400MHZ DDR4 RAM ,8300,STARTECH,Ram,In Stock,8300.0
APACER PANTHER RAGE 16GB DDR4 RGB  2666MHZ DESKTOP RAM,8400,STARTECH,Ram,In Stock,8400.0
ADATA 16GB DDR4 2666MHZ DESKTOP RAM,8500,STARTECH,Ram,In Stock,8500.0
APACER NOX RGB 16GB DDR4 3600MHZ RAM,8500,STARTECH,Ram,In Stock,8500.0
APACER PANTHER GOLDEN 16GB DDR4 3200MHZ DESKTOP RAM,8500,STARTECH,Ram,In Stock,8500.0
CORSAIR VENGEANCE RGB PRO SL 16GB (2X8GB) DDR4 3200MHZ C16 RAM KIT WHITE,8800,STARTECH,Ram,In Stock,8800.0
CORSAIR VENGEANCE RGB PRO SL 16GB (2X8GB) DDR4 3200MHZ C16 RAM KIT,8800,STARTECH,Ram,In Stock,8800.0
APACER NOX RGB 8GB DDR4 4266MHZ RAM,9300,STARTECH,Ram,In Stock,9300.0
CORSAIR VENGEANCE RGB PRO SL 16GB (2X8GB) DDR4 3600MHZ C18 RAM KIT WHITE,9600,STARTECH,Ram,In Stock,9600.0
TEAM T-FORCE VULCAN TUF GAMING 8GB 3200MHZ RAM & CARDEA II TUF GAMING M.2 NVME 512GB SSD BUNDLE,13300,STARTECH,Ram,In Stock,13300.0
G.SKILL TRIDENT Z ROYAL RGB 8GB DDR4 4600MHZ DESKTOP RAM,13900,STARTECH,Ram,In Stock,13900.0
KINGSTON FURY BEAST 16GB 5200MHZ DDR5 DESKTOP RAM,14500,STARTECH,Ram,In Stock,14500.0
TEAM T-FORCE DARK Z RED 32GB DDR4 3200MHZ GAMING DESKTOP RAM,14500,STARTECH,Ram,In Stock,14500.0
TEAM T-FORCE DARK Z GRAY 32GB DDR4 3200MHZ GAMING DESKTOP RAM,14500,STARTECH,Ram,In Stock,14500.0
PATRIOT SIGNATURE LINE PREMIUM 8GB DDR4 2666MHZ DESKTOP RAM,3000,TECHLAND,Ram,In Stock,3000.0
G.SKILL TRIDENT Z NEO 32GB (2 X 16GB) 3600MHZ RGB RAM,15500,TECHLAND,Ram,In Stock,15500.0
CORSAIR VENGEANCE LPX 4GB DDR4 2400MHZ DESKTOP RAM,2500,TECHLAND,Ram,In Stock,2500.0
CORSAIR VENGEANCE 32GB (2X16GB) DDR5 5600MHZ DESKTOP RAM (BLACK),38800,TECHLAND,Ram,In Stock,38800.0
CORSAIR VENGEANCE 32GB (2X16GB) DDR5 4800MHZ DESKTOP RAM (BLACK),29000,TECHLAND,Ram,In Stock,29000.0
CORSAIR VENGEANCE 16GB DDR5 4800MHZ DESKTOP RAM (BLACK),14500,TECHLAND,Ram,In Stock,14500.0
THERMALTAKE WATERRAM RGB 32GB (4 X 8GB) DDR4 3600MHZ LIQUID COOLING DESKTOP RAM,43500,TECHLAND,Ram,In Stock,43500.0
THERMALTAKE WATER RAM RGB LIQUID COOLING 32GB(4 X 8GB) DDR4 3200MHZ DESKTOP RAM,39000,TECHLAND,Ram,In Stock,39000.0
THERMALTAKE TOUGHRAM Z-ONE RGB 16GB (8GB X2) DDR4 3200MHZ DESKTOP RAM,8800,TECHLAND,Ram,In Stock,8800.0
THERMALTAKE TOUGHRAM XG RGB 64GB (32GB X 2) DDR4 4000MHZ DESKTOP RAM,42000,TECHLAND,Ram,In Stock,42000.0
THERMALTAKE TOUGHRAM XG RGB 64GB (32GB X 2) DDR4 3600MHZ DESKTOP RAM,38000,TECHLAND,Ram,In Stock,38000.0
THERMALTAKE TOUGHRAM XG RGB 32GB (16GB X2) DDR4 4000MHZ DESKTOP RAM (WHITE),24200,TECHLAND,Ram,In Stock,24200.0
THERMALTAKE TOUGHRAM XG RGB 32GB (16GB X2) DDR4 4000MHZ DESKTOP RAM,23600,TECHLAND,Ram,In Stock,23600.0
THERMALTAKE TOUGHRAM XG RGB 32GB (16GB X2) DDR4 3600MHZ DESKTOP RAM (WHITE),21000,TECHLAND,Ram,In Stock,21000.0
THERMALTAKE TOUGHRAM XG RGB 32GB (16GB X2) DDR4 3600MHZ DESKTOP RAM,21000,TECHLAND,Ram,In Stock,21000.0
THERMALTAKE TOUGHRAM XG RGB 16GB (8GB X2) DDR4 4000MHZ DESKTOP RAM,14000,TECHLAND,Ram,In Stock,14000.0
TEAM VULCAN Z 8GB DDR4 2666MHZ DESKTOP RAM,4400,Skyland,Ram,In Stock,4400.0
TEAM ELITE PLUS 16GB DDR4 2400MHZ DESKTOP RAM,5400,Skyland,Ram,In Stock,5400.0
RAMSTA 4GB DDR4 2400MHZ DESKTOP RAM,2300,Skyland,Ram,In Stock,2300.0
CORSAIR VENGEANCE LPX 16GB DDR4 3200MHZ DESKTOP RAM,8999,Skyland,Ram,In Stock,8999.0
TEAM ELITE U-DIMM 4GB 1600MHZ DDR3 RAM,2100,Skyland,Ram,In Stock,2100.0
G.SKILL TRIDENT Z ROYAL 8GB DDR4 3200MHZ SILVER HEATSINK DESKTOP RAM,8500,Skyland,Ram,In Stock,8500.0
G.SKILL TRIDENT Z ROYAL SERIES 16GB 3600MHZ RGB SILVER DDR4 RAM,6200,Skyland,Ram,In Stock,6200.0
CORSAIR VENGEANCE RGB PRO SL 16GB DDR4 3200MHZ RAM WHITE,8000,Skyland,Ram,In Stock,8000.0
G.SKILL TRIDENT Z NEO RGB 16GB DDR4 3600MHZ GAMING DESKTOP RAM,8300,Skyland,Ram,In Stock,8300.0
GIGABYTE AORUS RGB 8GB DDR4 3333MHZ DESKTOP GAMING RAM,5200,Skyland,Ram,In Stock,5200.0
AITC KINGSMAN DDR3 8GB 1600MHZ HEATSINK DESKTOP RAM,2950,Skyland,Ram,In Stock,2950.0
TEAM ELITE U-DIMM 8GB 2400MHZ DDR4 RAM,3299,Skyland,Ram,In Stock,3299.0
CORSAIR DOMINATOR PLATINUM RGB 8GB 3200MHZ DDR4 RAM (WHITE),6300,Skyland,Ram,In Stock,6300.0
THERMALTAKE TOUGHRAM RGB 8GB 4600MHZ DDR4 DESKTOP RAM,10200,Skyland,Ram,In Stock,10200.0
AITC 8GB DDR4 UDIMM 2666MHZ DESKTOP RAM,3672,Skyland,Ram,In Stock,3672.0
AITC KINGSMAN 4GB DDR4 3000MHZ DESKTOP RAM,2299,Skyland,Ram,In Stock,2299.0
CORSAIR VENGEANCE RGB PRO 8GB DDR4 3200MHZ WHITE HEATSINK DESKTOP RAM #CMW16GX4M2C3200C16W,4500,RYANS,Ram,In Stock,4500.0
THERMALTAKE TOUGHRAM 8GB DDR4 3600MHZ DESKTOP RAM #R017D408GX2-3600C18A,4550,RYANS,Ram,In Stock,4550.0
GIGABYTE AORUS 8GB RGB DDR4 3333MHZ DESKTOP RAM #GP-ARS16G33,4700,RYANS,Ram,In Stock,4700.0
ADATA XPG SPECTRIX D50 RGB 8GB DDR4 3600MHZ GAMING DESKTOP RAM #AX4U360038G18A-ST50,4900,RYANS,Ram,In Stock,4900.0
GIGABYTE AORUS 8GB RGB DDR4 3733MHZ DESKTOP RAM #GP-ARS16G37,5550,RYANS,Ram,In Stock,5550.0
CORSAIR DOMINATOR PLATINUM RGB 8GB DDR4 3200MHZ GAMING DESKTOP RAM,5600,RYANS,Ram,In Stock,5600.0
LEXAR 16GB DDR4 3200MHZ DESKTOP RAM,6200,RYANS,Ram,In Stock,6200.0
G.SKILL RIPJAWS V 16GB DDR4 3200MHZ DESKTOP RAM #F4-3200C16D-32GVK,6250,RYANS,Ram,In Stock,6250.0
G.SKILL RIPJAWS V 16GB DDR4 2666MHZ RED HEATSINK DESKTOP RAM,6800,RYANS,Ram,In Stock,6800.0
CORSAIR VENGEANCE LPX 16GB DDR4 3200MHZ BLACK HEATSINK DESKTOP RAM #CMK16GX4M1E3200C16,6800,RYANS,Ram,In Stock,6800.0
TRANSCEND JETRAM 16GB DDR4 3200MHZ DESKTOP RAM #JM3200HLB-16G / JM3200HLE-16G,6950,RYANS,Ram,In Stock,6950.0
TEAM VULCAN Z 16GB DDR4 3200 MHZ DESKTOP RAM #TLZRD416G3200HC16C01,7000,RYANS,Ram,In Stock,7000.0
ADATA XPG SPECTRIX D50 RGB 16GB DDR4 3200MHZ GAMING DESKTOP RAM #AX4U320016G16A-ST50,7100,RYANS,Ram,In Stock,7100.0
CORSAIR DOMINATOR PLATINUM RGB 8GB DDR4 3200MHZ WHITE HEATSINK GAMING DESKTOP RAM #CMT16GX4M2E3200C16W,7200,RYANS,Ram,In Stock,7200.0
CORSAIR VENGEANCE RGB RS 16GB DDR4 3200MHZ DESKTOP RAM #CMG16GX4M1E3200C16,7300,RYANS,Ram,In Stock,7300.0
TRANSCEND JETRAM 16GB DDR4 DESKTOP RAM,7300,RYANS,Ram,In Stock,7300.0
G.SKILL TRIDENT Z RGB 16GB DDR4 3200MHZ DESKTOP RAM,7400,RYANS,Ram,In Stock,7400.0
ADATA 8GB DDR5 4800MHZ BLACK DESKTOP RAM #AD5U48008G,7400,RYANS,Ram,In Stock,7400.0
ADATA XPG GAMMIX D20 16GB DDR4 3600MHZ GAMING DESKTOP RAM #AX4U360016G18I-CBK20,7450,RYANS,Ram,In Stock,7450.0
TRANSCEND JETRAM 8GB DDR5 4800MHZ U-DIMM DESKTOP RAM #JM4800ALG-8G,7500,RYANS,Ram,In Stock,7500.0
TRANSCEND JETRAM 8GB DDR4 3200MHZ U-DIMM DESKTOP RAM,3500,COMPUTER VILLAGE,Ram,In Stock,3500.0
ADATA 16GB DDR4 2666MHZ DESKTOP RAM,8500,COMPUTER VILLAGE,Ram,In Stock,8500.0
ADATA XPG SPECTRIX D60G RGB 8GB DDR4 3600MHZ GAMING DESKTOP RAM,5500,COMPUTER VILLAGE,Ram,In Stock,5500.0
G.SKILL TRIDENT Z NEO RGB 32GB DDR4 3600MHZ GAMING DESKTOP RAM,15450,STARTECH,Ram,In Stock,15450.0
TRANSCEND 32GB DDR4 2666MHZ U-DIMM DESKTOP RAM,15500,STARTECH,Ram,In Stock,15500.0
CORSAIR DOMINATOR PLATINUM RGB 16GB (2X8GB) DDR4 3600MHZ C18 RAM KIT WHITE,15600,STARTECH,Ram,In Stock,15600.0
CORSAIR DOMINATOR PLATINUM RGB 16GB (2X8GB) DDR4 3600MHZ C18 RAM KIT,15600,STARTECH,Ram,In Stock,15600.0
G.SKILL TRIDENT Z ROYAL ELITE 16GB DDR4 3600MHZ RGB DESKTOP RAM,17000,STARTECH,Ram,In Stock,17000.0
G.SKILL TRIDENT Z5 RGB 16GB DDR5 5600MHZ DESKTOP RAM BLACK,17400,STARTECH,Ram,In Stock,17400.0
G.SKILL TRIDENT Z5 16GB DDR5 5600MHZ CL30 DESKTOP RAM,17500,STARTECH,Ram,In Stock,17500.0
ADATA XPG LANCER 16GB DDR5 6000MHZ GAMING DESKTOP RAM,18500,STARTECH,Ram,In Stock,18500.0
CORSAIR DOMINATOR PLATINUM RGB 32GB (2X16GB) DDR4 3200MHZ C16 RAM KIT,20800,STARTECH,Ram,In Stock,20800.0
CORSAIR DOMINATOR PLATINUM RGB 32GB (2X16GB) DDR4 3200MHZ RAM KIT,20800,STARTECH,Ram,In Stock,20800.0
CORSAIR DOMINATOR PLATINUM RGB 32GB (2X16GB) DDR4 3200MHZ C16 RAM KIT WHITE,20800,STARTECH,Ram,In Stock,20800.0
TEAM T-FORCE DELTA TUF GAMING RGB 8GB 3200MHZ RAM & CARDEA II TUF GAMING M.2 NVME 1TB SSD BUNDLE,21700,STARTECH,Ram,In Stock,21700.0
CORSAIR DOMINATOR PLATINUM RGB 16GB DDR5 5600MHZ C36 RAM,21800,STARTECH,Ram,In Stock,21800.0
G.SKILL TRIDENT Z ROYAL ELITE RGB 16GB DDR4 3600MHZ DESKTOP RAM,23000,STARTECH,Ram,In Stock,23000.0
CORSAIR VENGEANCE 32GB (2X16GB) DDR5 4800MHZ C40 RAM KIT BLACK,29200,STARTECH,Ram,In Stock,29200.0
G.SKILL TRIDENT Z5 RGB 32GB DDR5 5600MHZ DESKTOP RAM,30000,STARTECH,Ram,In Stock,30000.0
TEAM DELTA 16GB 6400MHZ DDR5 RGB BLACK DESKTOP GAMING RAM,22900,STARTECH,Ram,In Stock,22900.0
TEAM DELTA 16GB 6400MHZ DDR5 RGB WHITE DESKTOP GAMING RAM,31300,STARTECH,Ram,In Stock,31300.0
CORSAIR VENGEANCE 32GB (2X16GB) DDR5 5200MHZ C40 RAM KIT BLACK,34000,STARTECH,Ram,In Stock,34000.0
CORSAIR VENGEANCE 32GB (2X16GB) DDR5 5600MHZ C36 RAM KIT BLACK,39200,STARTECH,Ram,In Stock,39200.0
THERMALTAKE TOUGHRAM XG RGB 16GB (8GB X2) DDR4 3600MHZ DESKTOP RAM (WHITE),11600,TECHLAND,Ram,In Stock,11600.0
THERMALTAKE TOUGHRAM XG RGB 16GB (8GB X2) DDR4 3600MHZ DESKTOP RAM,11400,TECHLAND,Ram,In Stock,11400.0
THERMALTAKE TOUGHRAM RGB 16GB(2 X 8GB) DDR4 3200MHZ DESKTOP RAM,9000,TECHLAND,Ram,In Stock,9000.0
THERMALTAKE TOUGHRAM 16GB (8GB X2) DDR4 3600MHZ DESKTOP RAM (BLACK),9400,TECHLAND,Ram,In Stock,9400.0
TEAM T-FORCE DARK 16GB DDR4 3200MHZ DESKTOP RAM,7000,TECHLAND,Ram,In Stock,7000.0
TEAM ELITE U-DIMM DDR4 8GB 2400MHZ DESKTOP RAM,3300,TECHLAND,Ram,In Stock,3300.0
TEAM ELITE U-DIMM DDR4 4GB 2400MHZ DESKTOP RAM,2300,TECHLAND,Ram,In Stock,2300.0
TEAM ELITE U-DIMM DDR4 32GB 2400MHZ DESKTOP RAM,16000,TECHLAND,Ram,In Stock,16000.0
TEAM ELITE U-DIMM DDR4 16GB 2400MHZ DESKTOP RAM,8100,TECHLAND,Ram,In Stock,8100.0
REVENGER 8GB DDR4 2666MHZ GAMING RAM,3050,TECHLAND,Ram,In Stock,3050.0
PATRIOT VIPER ELITE 8GB DDR4 2400MHZ DESKTOP RAM,3400,TECHLAND,Ram,In Stock,3400.0
PATRIOT VIPER ELITE 4GB DDR4 2400MHZ DESKTOP RAM,2400,TECHLAND,Ram,In Stock,2400.0
PATRIOT SIGNATURE LINE 8GB DDR4 2400MHZ DESKTOP RAM,3000,TECHLAND,Ram,In Stock,3000.0
PATRIOT SIGNATURE LINE 4GB DDR3 1600MHZ DESKTOP RAM,1900,TECHLAND,Ram,In Stock,1900.0
PATRIOT SIGNATURE LINE 4GB DDR3 1333MHZ DESKTOP RAM,1900,TECHLAND,Ram,In Stock,1900.0
GIGABYTE AORUS RGB MEMORY DDR4 16GB (2X8GB) 3733MHZ DESKTOP RAM,11000,TECHLAND,Ram,In Stock,11000.0
CORSAIR DOMINATOR PLATINUM RGB 8GB DDR4 3200MHZ DESKTOP RAM,5600,Skyland,Ram,In Stock,5600.0
PATRIOT SIGNATURE LINE PREMIUM 8GB DDR4 2400MHZ DESKTOP RAM,4350,Skyland,Ram,In Stock,4350.0
LEVEN LARES 4GB DDR3 1600MHZ UDIMM DESKTOP RAM,1800,Skyland,Ram,In Stock,1800.0
TEAM ELITE PLUS 8GB DDR4 2400MHZ DESKTOP RAM,4200,Skyland,Ram,In Stock,4200.0
TEAM T-FORCE DARK ZÎ‘ 16GB (2 X 8GB) DDR4 3600MHZ DESKTOP RAM,8800,Skyland,Ram,In Stock,8800.0
THERMALTAKE TOUGHRAM RGB 8GB DDR4 4000MHZ DESKTOP RAM,8000,Skyland,Ram,In Stock,8000.0
G.SKILL NT-SERIES 4GB DDR4 2400MHZ DESKTOP RAM,2100,Skyland,Ram,In Stock,2100.0
G.SKILL RIPJAWS-V 8GB DDR4 2400MHZ DESKTOP RAM,5200,Skyland,Ram,In Stock,5200.0
CORSAIR VENGEANCE LPX 16GB DDR4 2400MHZ DESKTOP RAM,8400,Skyland,Ram,In Stock,8400.0
APACER 8GB DDR4 3200MHZ U-DIMM DESKTOP RAM,3300,Skyland,Ram,In Stock,3300.0
APACER PANTHER RAGE RGB 8GB DDR4 2666MHZ DESKTOP RAM,3500,Skyland,Ram,In Stock,3500.0
JUHOR 8GB 2666MHZ DDR4 RAM,3500,Skyland,Ram,In Stock,3500.0
TEAM ELITE U-DIMM 8GB 1600MHZ DDR3 RAM,3500,Skyland,Ram,In Stock,3500.0
CRUCIAL 8GB DDR4 2400MHZ UDIMM DESKTOP RAM,3000,Skyland,Ram,In Stock,3000.0
G.SKILL RIPJAWS V 8GB DDR4 3400MHZ DESKTOP RAM,4999,Skyland,Ram,In Stock,4999.0
GIGABYTE AORUS RGB 8GB 3733MHZ DESKTOP GAMING RAM,6000,Skyland,Ram,In Stock,6000.0
CORSAIR VENGEANCE RGB PRO SL 16GB DDR4 3200MHZ DESKTOP RAM #CMH32GX4M2E3200C16W,7500,RYANS,Ram,In Stock,7500.0
CORSAIR DOMINATOR PLATINUM RGB 8GB DDR4 3600MHZ BLACK HEATSINK GAMING DESKTOP RAM,7600,RYANS,Ram,In Stock,7600.0
G.SKILL TRIDENT Z NEO RGB 16GB DDR4 3600MHZ DESKTOP RAM,7690,RYANS,Ram,In Stock,7690.0
CORSAIR VENGEANCE LPX RGB PRO 16GB DDR4 3200MHZ DESKTOP RAM #CMW32GX4M2E3200C16,7700,RYANS,Ram,In Stock,7700.0
ADATA XPG SPECTRIX D50 RGB 16GB DDR4 3600MHZ GAMING DESKTOP RAM #AX4U360016G18I-ST50,8200,RYANS,Ram,In Stock,8200.0
CORSAIR DOMINATOR PLATINUM RGB 8GB DDR4 3600MHZ WHITE HEATSINK GAMING DESKTOP RAM #CMT16GX4M2C3600C18W,8200,RYANS,Ram,In Stock,8200.0
G.SKILL TRIDENT Z ROYAL RGB 8GB DDR4 4266MHZ GOLD HEATSINK DESKTOP RAM #F4-4266C19D-16GTRG,8400,RYANS,Ram,In Stock,8400.0
G.SKILL TRIDENT Z RGB 8GB DDR4 2933MHZ DESKTOP RAM #F4-2933C16D-16GTZRX,8500,RYANS,Ram,In Stock,8500.0
ADATA 16GB DDR5 4800MHZ BLACK DESKTOP RAM #AD5U480016G,12300,RYANS,Ram,In Stock,12300.0
CORSAIR VENGEANCE 16GB DDR5 4800MHZ DESKTOP RAM #CMK32GX5M2A4800C40,13900,RYANS,Ram,In Stock,13900.0
TRANSCEND JETRAM 32GB DDR4 3200MHZ U-DIMM DESKTOP RAM #JM3200HLE-32G,14000,RYANS,Ram,In Stock,14000.0
GIGABYTE AORUS 16GB DDR5 5200MHZ BLACK DESKTOP RAM #GP-ARS32G52D5,14000,RYANS,Ram,In Stock,14000.0
G.SKILL TRIDENT Z ROYAL RGB 8GB DDR4 4600MHZ SILVER HEATSINK DESKTOP RAM #F4-4600C18D-16GTRS,14200,RYANS,Ram,In Stock,14200.0
G.SKILL TRIDENT Z NEO RGB 32GB DDR4 3600MHZ GAMING DESKTOP RAM,15450,RYANS,Ram,In Stock,15450.0
TRANSCEND JETRAM 32GB DDR4 2666MHZ DESKTOP RAM,15500,RYANS,Ram,In Stock,15500.0
G.SKILL RIPJAWS S5 16GB DDR5 5600MHZ BLACK GAMING DESKTOP RAM #F5-5600J3036D16GX2-RS5K,16300,RYANS,Ram,In Stock,16300.0
ADATA XPG LANCER RGB 16GB DDR5 5200MHZ GAMING DESKTOP RAM #AX5U5200C3816G-CLARBK,16600,RYANS,Ram,In Stock,16600.0
CORSAIR VENGEANCE 16GB DDR5 5200MHZ DESKTOP RAM #CMK32GX5M2B5200C40,16800,RYANS,Ram,In Stock,16800.0
ADATA 4GB DDR4 2666MHZ DESKTOP RAM #AD4U26664G19-RGN,17000,RYANS,Ram,In Stock,17000.0
GEIL POLARIS RGB 16GB DDR5 5200MHZ GRAY HEATSINK GAMING DESKTOP RAM #GOSG532GB5200C34ADC,17200,RYANS,Ram,In Stock,17200.0
ADATA 8GB DDR4 2666MHZ DESKTOP RAM,3110,COMPUTER VILLAGE,Ram,In Stock,3110.0
ADATA 8GB DDR3 1600MHZ DESKTOP RAM,3300,COMPUTER VILLAGE,Ram,In Stock,3300.0
ADATA 8GB DDR4 2400MHZ DESKTOP RAM,3500,COMPUTER VILLAGE,Ram,In Stock,3500.0
ADATA 4GB DDR4 2666MHZ DESKTOP RAM,2000,COMPUTER VILLAGE,Ram,In Stock,2000.0
ADATA 4GB DDR4 2400MHZ DESKTOP RAM,2300,COMPUTER VILLAGE,Ram,In Stock,2300.0
CORSAIR DOMINATOR PLATINUM RGB 32GB (2X16GB) DDR5 5600MHZ C36 RAM KIT BLACK,45000,STARTECH,Ram,In Stock,45000.0
TEAM T-FORCE DELTA RGB 32GB (16GBX2) 6000MHZ DDR5 RAM BLACK & CARDEA Z44Q 2TB SSD BUNDLE,52500,STARTECH,Ram,In Stock,52500.0
TEAM T-FORCE DELTA RGB 32GB (16GBX2) 6000MHZ DDR5 RAM WHITE & CARDEA Z44Q 2TB SSD BUNDLE,52500,STARTECH,Ram,In Stock,52500.0
G.SKILL TRIDENT Z5 RGB 32GB (2 X 16GB) DDR5 6000MHZ DESKTOP RAM,37000,TECHLAND,Ram,In Stock,37000.0
G.SKILL TRIDENT Z5 RGB 32GB (2 X 16GB) DDR5 5600MHZ DESKTOP RAM,36000,TECHLAND,Ram,In Stock,36000.0
G.SKILL TRIDENT Z5 RGB 16GB DDR5 5600MHZ DESKTOP RAM,18000,TECHLAND,Ram,In Stock,18000.0
G.SKILL TRIDENT Z5 32GB (16X2) DDR5 6000MHZ DESKTOP RAM,37000,TECHLAND,Ram,In Stock,37000.0
G.SKILL TRIDENT Z ROYAL RGB 8GB DDR4 4266MHZ DESKTOP RAM,8800,TECHLAND,Ram,In Stock,8800.0
G.SKILL TRIDENT Z ROYAL RGB 16GB(2 X 8GB) DDR4 4266MHZ DESKTOP RAM,17600,TECHLAND,Ram,In Stock,17600.0
G.SKILL TRIDENT Z 4GB DDR4 3200MHZ DESKTOP RAM,4200,TECHLAND,Ram,In Stock,4200.0
G.SKILL RIPJAWS-V 4GB DDR4 2666MHZ DESKTOP RAM,2500,TECHLAND,Ram,In Stock,2500.0
CORSAIR VENGEANCE 32GB (2X16GB) DDR5 5200MHZ DESKTOP RAM (BLACK),33000,TECHLAND,Ram,In Stock,33000.0
CORSAIR DOMINATOR PLATINUM RGB 8GB 3200MHZ DDR4 RAM (WHITE),6000,TECHLAND,Ram,In Stock,6000.0
CORSAIR DOMINATOR PLATINUM RGB 32GB (2X16GB) DDR5 5200MHZ DESKTOP RAM (BLACK),38500,TECHLAND,Ram,In Stock,38500.0
CORSAIR DOMINATOR PLATINUM RGB 16GB (2 X 8GB) DDR4 3600MHZ DESKTOP RAM,15200,TECHLAND,Ram,In Stock,15200.0
APACER PANTHER-GOLDEN 16GB 3200MHZ GAMNG DESKTOP RAM,6800,TECHLAND,Ram,In Stock,6800.0
APACER NOX 16GB DDR4 3600MHZ RGB AURA2 DIMM DESKTOP RAM (WHITE),16600,TECHLAND,Ram,In Stock,16600.0
APACER NOX 16 DDR4 3600MHZ RGB AURA2 DIMM DESKTOP RAM,8000,TECHLAND,Ram,In Stock,8000.0
ADDLINK SPIDER X4 RGB 8GB 3200MHZ DDR4 GAMING RAM,4200,TECHLAND,Ram,In Stock,4200.0
ADATA XPG LANCER 16GB DDR5 6000MHZ BLACK HEATSINK GAMING DESKTOP RAM,18400,RYANS,Ram,In Stock,18400.0
G.SKILL TRIDENT Z5 RGB 16GB DDR5 6000MHZ SILVER GAMING DESKTOP RAM #F5-6000J3238F16GX2-TZ5RS,18500,RYANS,Ram,In Stock,18500.0
GEIL POLARIS RGB 16GB DDR5 4800MHZ GRAY HEATSINK GAMING DESKTOP RAM #GOSG532GB4800C40DC,19200,RYANS,Ram,In Stock,19200.0
CORSAIR VENGEANCE 16GB DDR5 5600MHZ DESKTOP RAM #CMK32GX5M2B5600C36,19800,RYANS,Ram,In Stock,19800.0
CORSAIR DOMINATOR PLATINUM RGB 16GB DDR5 5600MHZ DESKTOP RAM #CMT32GX5M2X5600C36 / CMT32GX5M2B5600C36,21800,RYANS,Ram,In Stock,21800.0
GEIL POLARIS RGB 16GB DDR5 5200MHZ RED HEATSINK GAMING DESKTOP RAM #GOSR532GB5200C34ADC,22100,RYANS,Ram,In Stock,22100.0
THERMALTAKE WATERRAM RGB 32GB DDR4 3200MHZ DESKTOP RAM,39000,RYANS,Ram,In Stock,39000.0
THERMALTAKE WATERRAM RGB 32GB DDR4 3600MHZ DESKTOP RAM,43000,RYANS,Ram,In Stock,43000.0
TEAM T-FORCE DELTA TUF GAMING 8GB 3200MHZ DDR4 RGB DESKTOP RAM,4300,Skyland,Ram,In Stock,4300.0
ADATA XPG SPECTRIX D60G RGB 8GB DDR4 3200MHZ DESKTOP RAM,5400,Skyland,Ram,In Stock,5400.0
PNY XLR8 GAMING 16GB DDR4 3200MHZ DESKTOP RAM,8150,Skyland,Ram,In Stock,8150.0
LEVEN LARES 8GB DDR3 1600MHZ UDIMM DESKTOP RAM,3150,Skyland,Ram,In Stock,3150.0
LEVEN 8GB DDR4 3200MHZ RGB GAMING DESKTOP RAM,4700,Skyland,Ram,In Stock,4700.0
TEAM NIGHT HAWK UD RGB 32GB (2 X 16GB) DDR4 3200MHZ DESKTOP RAM,18200,Skyland,Ram,In Stock,18200.0
TEAM DELTA RGB 16 GB (2 X 8 GB) DDR4 3200MHZ DESKTOP RAM,11600,Skyland,Ram,In Stock,11600.0
TEAM DARK PRO UD 16GB (2 X 8GB) DDR4 3200MHZ DESKTOP RAM,8900,Skyland,Ram,In Stock,8900.0
PATRIOT SIGNATURE LINE PREMIUM 4GB DDR4 2400MHZ DESKTOP RAM,2900,Skyland,Ram,In Stock,2900.0
TWINMOS 2GB DDR3 1600 MHZ DESKTOP RAM,1200,Skyland,Ram,In Stock,1200.0
RAMSTA 8GB DDR4 2666MHZ DESKTOP RAM,3200,Skyland,Ram,In Stock,3200.0
G.SKILL NT-SERIES 8GB DDR4 2400MHZ DESKTOP RAM,4800,Skyland,Ram,In Stock,4800.0
G.SKILL RIPJAWS-V 8GB DDR4 3400MHZ DESKTOP RAM,4900,Skyland,Ram,In Stock,4900.0
GEIL EVO SPEAR 8GB DDR4 3200 MHZ DESKTOP RAM,4200,Skyland,Ram,In Stock,4200.0
PNY XLR8 8GB RGB DDR4 3200MHZ WHITE DESKTOP RAM,5000,Skyland,Ram,In Stock,5000.0
G.SKILL RIPJAWS V 4GB DDR4 2400MHZ RED HEATSINK DESKTOP RAM,2250,COMPUTER VILLAGE,Ram,In Stock,2250.0
G.SKILL 4GB DDR4 2400 BUS DESKTOP RAM,2250,COMPUTER VILLAGE,Ram,In Stock,2250.0
CORSAIR DOMINATOR PLATINUM RGB 16GB DDR4 3200MHZ BLACK HEATSINK GAMING DESKTOP RAM,11400,COMPUTER VILLAGE,Ram,In Stock,11400.0
CORSAIR VENGEANCE LPX 16GB DDR4 3200MHZ BLACK DESKTOP RAM,6700,COMPUTER VILLAGE,Ram,In Stock,6700.0
CORSAIR VENGEANCE RGB PRO 8GB DDR4 3200MHZ WHITE HEATSINK DESKTOP RAM,4500,COMPUTER VILLAGE,Ram,In Stock,4500.0
ADDLINK SPIDER 4 8GB 3200MHZ DDR4 GAMING RAM,3800,TECHLAND,Ram,In Stock,3800.0
ADATA XPG SPECTRIX D60G RGB 8GB DDR4 3600MHZ DESKTOP RAM,5500,TECHLAND,Ram,In Stock,5500.0
ADATA 8GB DDR4 2666MHZ U-DIMM DESKTOP RAM,3250,TECHLAND,Ram,In Stock,3250.0
ADATA 16GB DDR5 4800MHZ U-DIMM DESKTOP RAM,10500,TECHLAND,Ram,In Stock,10500.0
TEAM NIGHT HAWK UD RGB 16GB 3200MHZ RGB DDR4 DESKTOP RAM,8500,TECHLAND,Ram,In Stock,8500.0
TEAM DELTA RGB 16 GB (2 X 8 GB) DDR4 3200MHZ DESKTOP RAM,9700,TECHLAND,Ram,In Stock,9700.0
PATRIOT VIPER STEEL 8GB DDR4 3600MHZ DESKTOP RAM,3900,TECHLAND,Ram,In Stock,3900.0
G.SKILL TRIDENT Z5 16GB DDR5 6000MHZ DESKTOP RAM,18500,TECHLAND,Ram,In Stock,18500.0
TEAM NIGHT HAWK UD RGB 8GB DDR4 3200MHZ DESKTOP RAM,5900,TECHLAND,Ram,In Stock,5900.0
TEAM ELITE U-DIMM DDR3 4GB 1600MHZ DESKTOP RAM,2000,TECHLAND,Ram,In Stock,2000.0
TEAM DELTA RGB 32 GB (2 X 16 GB) DDR4 3200MHZ DESKTOP RAM,15400,TECHLAND,Ram,In Stock,15400.0
G.SKILL TRIDENT-Z NEO (8GBX2) 16GB 3600MHZ RGB DDR4 RAM,10000,TECHLAND,Ram,In Stock,10000.0
G.SKILL NT-SERIES 8GB DDR3 1600MHZ DESKTOP RAM,3400,TECHLAND,Ram,In Stock,3400.0
TEAM T-FORCE DARK Z RED 32GB DDR4 3200 MHZ GAMING DESKTOP RAM,14000,TECHLAND,Ram,In Stock,14000.0
TEAM T-FORCE DARK Z RED 16GB DDR4 3200 MHZ GAMING DESKTOP RAM,6350,TECHLAND,Ram,In Stock,6350.0
PATRIOT VIPER STEEL 8GB DDR4 3200MHZ DESKTOP RAM,3500,TECHLAND,Ram,In Stock,3500.0
ZADAK SPARK RGB 8GB DDR4 3200MHZ DESKTOP GAMING RAM,4800,Skyland,Ram,In Stock,4800.0
CORSAIR VENGEANCE LPX 16GB DDR4 3600MHZ RAM,7800,Skyland,Ram,In Stock,7800.0
G.SKILL TRIDENT Z5 RGB 16GB DDR5 CL40 5600MHZ DESKTOP RAM,17900,Skyland,Ram,In Stock,17900.0
G.SKILL TRIDENT Z5 RGB 16GB DDR5 CL40 5600MH DESKTOP RAM,17900,Skyland,Ram,In Stock,17900.0
G.SKILL TRIDENT Z5 RGB 16GB DDR5 5600MHZ DESKTOP RAM,17900,Skyland,Ram,In Stock,17900.0
G.SKILL RIPJAWS S5 16GB DDR5 6000MHZ DESKTOP RAM BLACK,17400,Skyland,Ram,In Stock,17400.0
G.SKILL RIPJAWS S5 16GB DDR5 5600MHZ CL36 DESKTOP RAM BLACK,18000,Skyland,Ram,In Stock,18000.0
APACER PANTHER-GOLDEN 8GB 3200MHZ DESKTOP RAM,3500,Skyland,Ram,In Stock,3500.0
APACER 8GB DDR4 2666MHZ DIMM DESKTOP RAM,3000,Skyland,Ram,In Stock,3000.0
APACER 4GB DDR3 1600MHZ DIMM DESKTOP RAM,2000,Skyland,Ram,In Stock,2000.0
APACER 8GB DDR3 1600MHZ DIMM DESKTOP RAM,2700,Skyland,Ram,In Stock,2700.0
APACER NOX 8GB DDR4 2666MHZ RGB AURA2 DIMM DESKTOP RAM,4200,Skyland,Ram,In Stock,4200.0
APACER NOX 16GB DDR4 3200MHZ RGB AURA2 DIMM DESKTOP RAM,9000,Skyland,Ram,In Stock,9000.0
APACER NOX 32GB (16X2) DDR4 3600MHZ RGB AURA2 DIMM DESKTOP RAM,17300,Skyland,Ram,In Stock,17300.0
APACER 8GB DDR4 2666MHZ OC PANTHER RAGE DESKTOP RAM,3100,Skyland,Ram,In Stock,3100.0
APACER NOX 16GB DDR4 2666MHZ RGB AURA2 DIMM DESKTOP RAM,7300,Skyland,Ram,In Stock,7300.0
CORSAIR VENGEANCE LPX 8GB DDR4 3200MHZ BLACK HEATSINK DESKTOP RAM,3550,COMPUTER VILLAGE,Ram,In Stock,3550.0
CORSAIR VENGEANCE LPX 8GB DDR4 2400MHZ BLACK HEATSINK DESKTOP RAM,3600,COMPUTER VILLAGE,Ram,In Stock,3600.0
G.SKILL TRIDENT Z RGB 8GB DDR4 2933 BUS DESKTOP RAM,8500,COMPUTER VILLAGE,Ram,In Stock,8500.0
CORSAIR DOMINATOR PLATINUM RGB 8GB DDR4 3600MHZ BLACK HEATSINK GAMING DESKTOP RAM,7600,COMPUTER VILLAGE,Ram,In Stock,7600.0
G.SKILL TRIDENT Z RGB 16GB DDR4 3200 BUS DESKTOP RAM,7500,COMPUTER VILLAGE,Ram,In Stock,7500.0
CORSAIR DOMINATOR PLATINUM RGB 8GB DDR4 3200MHZ GAMING DESKTOP RAM,5600,COMPUTER VILLAGE,Ram,In Stock,5600.0
G.SKILL TRIDENT Z 16GB DDR4 3200 BUS BLACK & RED HEATSINK DESKTOP RAM,6500,COMPUTER VILLAGE,Ram,In Stock,6500.0
G.SKILL TRIDENT Z ROYAL 8GB DDR4 3200MHZ SILVER HEATSINK DESKTOP RAM,5300,COMPUTER VILLAGE,Ram,In Stock,5300.0
G.SKILL TRIDENT Z RGB 8GB DDR4 3200MHZ BLACK HEATSINK GAMING DESKTOP RAM,5000,COMPUTER VILLAGE,Ram,In Stock,5000.0
G.SKILL TRIDENT Z 4GB DDR4 3200 BUS DESKTOP RAM BLACK &RED HEATSINK,4500,COMPUTER VILLAGE,Ram,In Stock,4500.0
CORSAIR VENGEANCE LPX RGB PRO 8GB DDR4 3200MHZ DESKTOP RAM,4800,COMPUTER VILLAGE,Ram,In Stock,4800.0
THERMALTAKE TOUGHRAM Z-ONE RGB 16GB (8GB X 2) DDR4 3600MHZ DESKTOP RAM,9800,TECHLAND,Ram,In Stock,9800.0
TEAM DELTA RGB 16GB DDR5 6400MHZ WHITE DESKTOP RAM,30000,TECHLAND,Ram,In Stock,30000.0
TEAM DELTA RGB 16GB DDR5 6400MHZ DESKTOP RAM,30000,TECHLAND,Ram,In Stock,30000.0
TEAM DELTA RGB 16GB DDR4 3200MHZ DESKTOP RAM,7700,TECHLAND,Ram,In Stock,7700.0
PATRIOT SIGNATURE LINE PREMIUM 8GB DDR4 2400MHZ DESKTOP RAM,2850,TECHLAND,Ram,In Stock,2850.0
CORSAIR DOMINATOR PLATINUM RGB 8GB DDR4 4000MHZ RAM,9900,TECHLAND,Ram,In Stock,9900.0
CORSAIR DOMINATOR PLATINUM RGB 32GB (2 X 16GB) DDR4 3200MHZ DESKTOP RAM,22000,TECHLAND,Ram,In Stock,22000.0
CORSAIR DOMINATOR PLATINUM RGB 16GB DDR4 4000MHZ C19 DESKTOP RAM,23990,TECHLAND,Ram,In Stock,23990.0
ZADAK TWIST 8GB DDR4 3200MHZ DESKTOP RAM,3500,TECHLAND,Ram,In Stock,3500.0
WALTON WDR4L1626NN3 16GB DDR4 2600MHZ U-DIMM DESKTOP RAM,6250,TECHLAND,Ram,In Stock,6250.0
WALTON WDR4L0426NN1 4GB DDR4 2600MHZ DESKTOP RAM,2300,TECHLAND,Ram,In Stock,2300.0
WALTON WDR4L0424NN1 4GB DDR4 2400MHZ DESKTOP RAM,2200,TECHLAND,Ram,In Stock,2200.0
KINGSTON FURY BEAST 16GB 5200MHZ DDR5 DESKTOP RAM,14500,TECHLAND,Ram,In Stock,14500.0
GSKILL RIPJAWS S5 DDR5 5600MHZ 32GB (2X16GB) RAM,31000,TECHLAND,Ram,In Stock,31000.0
GSKILL RIPJAWS S5 16GB 6000MHZ DDR5 RAM,17000,TECHLAND,Ram,In Stock,17000.0
GSKILL RIPJAWS S5 16GB 5600MHZ DDR5 RAM,16500,TECHLAND,Ram,In Stock,16500.0
APACER PANTHER RAGE RGB 16GB(2X8GB) DDR4 2666MHZ DESKTOP RAM,7000,Skyland,Ram,In Stock,7000.0
APACER PANTHER-GOLDEN 16GB 3200MHZ GAMING DESKTOP RAM,7600,Skyland,Ram,In Stock,7600.0
APACER 16GB DDR5 4800MHZ DESKTOP RAM,13000,Skyland,Ram,In Stock,13000.0
APACER NOX 8GB DDR4 3200MHZ RGB AURA2 DIMM DESKTOP RAM,4200,Skyland,Ram,In Stock,4200.0
APACER 4GB DDR4 2666MHZ DIMM DESKTOP RAM,2300,Skyland,Ram,In Stock,2300.0
KINGSTON HX432C16FB3A HYPERX FURY 8GB 3200MHZ DDR4 RGB RAM,4400,Skyland,Ram,In Stock,4400.0
GIGABYTE AORUS 16GB DDR5 5200MHZ DESKTOP RAM,15800,Skyland,Ram,In Stock,15800.0
KINGSTON FURY BEAST 16GB 3200MHZ DDR4 DESKTOP RAM,7500,Skyland,Ram,In Stock,7500.0
KINGSTON FURY BEAST 16GB 5200MHZ DDR5 DESKTOP RAM,16000,Skyland,Ram,In Stock,16000.0
KINGSTON FURY BEAST 8GB 3200MHZ DDR4 DESKTOP RAM,4200,Skyland,Ram,In Stock,4200.0
THERMALTAKE TOUGHRAM Z-ONE RGB 8GB DDR4 3200MHZ DESKTOP RAM,5000,Skyland,Ram,In Stock,5000.0
JUHOR 8GB 2400MHZ DDR4 RAM,3500,Skyland,Ram,In Stock,3500.0
JUHOR 8GB 1600MHZ DDR3 RAM,3000,Skyland,Ram,In Stock,3000.0
JUHOR 4GB 2666MHZ DDR4 RAM,2200,Skyland,Ram,In Stock,2200.0
JUHOR 4GB 2400MHZ DDR4 RAM,2200,Skyland,Ram,In Stock,2200.0
PNY XLR8 8GB DDR4 3200MHZ DESKTOP GAMING RAM,3300,STARTECH,Ram,In Stock,3300.0
GIGABYTE AORUS RGB 8GB DDR4 3333MHZ DESKTOP GAMING RAM,4500,TECHLAND,Ram,In Stock,4500.0
GIGABYTE AORUS RGB 16GB (2X8GB) DDR4 4400MHZ DESKTOP GAMING RAM,17000,TECHLAND,Ram,In Stock,17000.0
GIGABYTE AORUS RGB 16GB (2X8GB) DDR4 3333MHZ DESKTOP GAMING RAM,9000,TECHLAND,Ram,In Stock,9000.0
CORSAIR DOMINATOR PLATINUM RGB 8GB DDR4 3600MHZ DESKTOP RAM,7600,TECHLAND,Ram,In Stock,7600.0
APACER PANTHER RAGE RGB 16GB(2X8GB) DDR4 2666MHZ DESKTOP RAM,7000,TECHLAND,Ram,In Stock,7000.0
APACER NOX 16GB DDR4 2666MHZ RGB AURA2 DIMM DESKTOP RAM,7100,TECHLAND,Ram,In Stock,7100.0
APACER 8GB DDR4 2666MHZ OC PANTHER RAGE DESKTOP RAM,3100,TECHLAND,Ram,In Stock,3100.0
AITC RAPIDIEZ 8GB DDR4 3600MHZ RGB DESKTOP RAM,5000,TECHLAND,Ram,In Stock,5000.0
AITC RAPIDIEZ 8GB DDR4 3200MHZ RGB DESKTOP RAM,4900,TECHLAND,Ram,In Stock,4900.0
AITC RAPIDIEZ 16GB DDR4 3200MHZ RGB DESKTOP RAM,8700,TECHLAND,Ram,In Stock,8700.0
AITC KINGSMAN DDR3 4GB 1600MHZ HEATSINK DESKTOP RAM,1750,TECHLAND,Ram,In Stock,1750.0
AITC KINGSMAN 8GB DDR4 3600MHZ RGB DESKTOP RAM,4350,TECHLAND,Ram,In Stock,4350.0
AITC KINGSMAN 8GB DDR4 3200MHZ RGB DESKTOP RAM,4250,TECHLAND,Ram,In Stock,4250.0
AITC KINGSMAN 8GB DDR4 3200MHZ DESKTOP RAM,4000,TECHLAND,Ram,In Stock,4000.0
AITC KINGSMAN 8GB DDR4 3000MHZ DESKTOP RAM,3600,TECHLAND,Ram,In Stock,3600.0
AITC KINGSMAN 8GB DDR4 2666MHZ RGB DESKTOP RAM,3600,TECHLAND,Ram,In Stock,3600.0
CORSAIR DOMINATOR PLATINUM RGB 16GB DDR5 5600MHZ C36 RAM,21500,Skyland,Ram,In Stock,21500.0
CORSAIR VENGEANCE 16GB DDR5 5600MHZ RAM,22300,Skyland,Ram,In Stock,22300.0
CORSAIR VENGEANCE RGB PRO SL 16GB DDR4 3600MHZ RAM WHITE,8500,Skyland,Ram,In Stock,8500.0
ADATA 16GB DDR5 4800MHZ U-DIMM DESKTOP RAM,14000,Skyland,Ram,In Stock,14000.0
ADATA LANCER 16GB 5200MHZ DDR5 RGB GAMING DESKTOP RAM,16500,Skyland,Ram,In Stock,16500.0
G.SKILL TRIDENT Z5 16GB 6000MHZ DDR5 DESKTOP RAM SILVER,20500,Skyland,Ram,In Stock,20500.0
G.SKILL TRIDENT Z5 RGB 16GB 6000MHZ DDR5 DESKTOP RAM SILVER,21500,Skyland,Ram,In Stock,21500.0
G.SKILL TRIDENT Z5 16GB DDR5 6000MHZ CL40 DESKTOP RAM BLACK,19500,Skyland,Ram,In Stock,19500.0
G.SKILL RIPJAWS S5 16GB DDR5 5600MHZ CL36 DESKTOP RAM BLACK,18000,Skyland,Ram,In Stock,18000.0
G.SKILL TRIDENT Z5 RGB 16GB 5600MHZ DDR5 DESKTOP RAM SILVER,20500,Skyland,Ram,In Stock,20500.0
OLOY OWL GAME PC 4GB DDR4 RAM 2400MHZ DESKTOP RAM,2400,Skyland,Ram,In Stock,2400.0
OLOY WARHAWK RGB DDR4 RAM 8GB 3200 MHZ DESKTOP RAM (BLACK),4500,Skyland,Ram,In Stock,4500.0
AITC VALUE GAMING DDR4 4GB 2666MHZ DESKTOP RAM,2300,Skyland,Ram,In Stock,2300.0
G.SKILL RIPJAWS-V 8GB DDR4 3600MHZ DESKTOP RAM,5100,Skyland,Ram,In Stock,5100.0
CORSAIR DOMINATOR PLATINUM RGB 16GB 4000MHZ DDR4 RAM (BLACK),24500,Skyland,Ram,In Stock,24500.0
CORSAIR VENGEANCE 16GB DDR5 5200MHZ C40 RAM,18000,Skyland,Ram,In Stock,18000.0
AITC KINGSMAN 4GB DDR4 3000MHZ DESKTOP RAM,2300,TECHLAND,Ram,In Stock,2300.0
AITC KINGSMAN 32GB DDR4 3200MHZ DESKTOP RAM,13600,TECHLAND,Ram,In Stock,13600.0
AITC KINGSMAN 16GB DDR4 3200MHZ RGB DESKTOP RAM,7800,TECHLAND,Ram,In Stock,7800.0
AITC KINGSMAN 16GB DDR4 3200MHZ DESKTOP RAM,9000,TECHLAND,Ram,In Stock,9000.0
AITC KINGSMAN 16GB DDR4 3000MHZ DESKTOP RAM,8000,TECHLAND,Ram,In Stock,8000.0
AITC DDR3 4GB 1600MHZ U-DIMM DESKTOP RAM,1650,TECHLAND,Ram,In Stock,1650.0
AITC DDR3 2GB 1333MHZ U-DIMM DESKTOP RAM,700,TECHLAND,Ram,In Stock,700.0
AITC 8GB DDR4 UDIMM 3200MHZ DESKTOP RAM,4800,TECHLAND,Ram,In Stock,4800.0
AITC 8GB DDR4 UDIMM 2666MHZ DESKTOP RAM,3800,TECHLAND,Ram,In Stock,3800.0
AITC 4GB DDR4 UDIMM 2666MHZ DESKTOP RAM,2500,TECHLAND,Ram,In Stock,2500.0
ADATA LANCER 16GB 5200MHZ DDR5 GAMING DESKTOP RAM,12500,TECHLAND,Ram,In Stock,12500.0
OLOY OWL 4GB 2400MHZ DDR4 DESKTOP RAM,1750,TECHLAND,Ram,In Stock,1750.0
APACER PANTHER RAGE RGB 16GB DDR4 3200MHZ DESKTOP RAM,7400,TECHLAND,Ram,In Stock,7400.0
ADATA LANCER 16GB 5200MHZ DDR5 RGB GAMING DESKTOP RAM,13500,TECHLAND,Ram,In Stock,13500.0
G.SKILL RIPJAWS-V 8GB DDR4 2666MHZ DESKTOP RAM,3500,TECHLAND,Ram,In Stock,3500.0
CORSAIR VENGEANCE RGB PRO SL 32GB (2X16GB) DDR4 3200MHZ DESKTOP RAM,15000,TECHLAND,Ram,In Stock,15000.0
CORSAIR VENGEANCE 16GB DDR5 4800MHZ C40 RAM,18700,Skyland,Ram,In Stock,18700.0
G.SKILL TRIDENT Z NEO RGB 8GB 3600MHZ GAMING DESKTOP RAM,5500,Skyland,Ram,In Stock,5500.0
CORSAIR DOMINATOR PLATINUM RGB 16GB 3200MHZ DDR4 RAM (BLACK),11000,Skyland,Ram,In Stock,11000.0
CRUCIAL 4GB 2666MHZ UDIMM DESKTOP RAM,2500,Skyland,Ram,In Stock,2500.0
CRUCIAL 4GB DDR4 2400MHZ UDIMM DESKTOP RAM,2500,Skyland,Ram,In Stock,2500.0
G.SKILL TRIDENT Z ROYAL RGB 8GB DDR4 4266MHZ DESKTOP RAM,9900,Skyland,Ram,In Stock,9900.0
G.SKILL TRIDENT Z ROYAL SERIES 16GB 3200MHZ RGB SILVER DDR4 RAM,8500,Skyland,Ram,In Stock,8500.0
G.SKILL TRIDENT Z ROYAL RGB 8GB DDR4 3600MHZ DESKTOP RAM,7100,Skyland,Ram,In Stock,7100.0
OLOY WARHAWK RGB DDR4 RAM 8GB 3200 MHZ DESKTOP RAM (WHITE),4500,Skyland,Ram,In Stock,4500.0
G.SKILL TRIDENT Z NEO RGB 32GB DDR4 3600MHZ GAMING DESKTOP RAM,16000,Skyland,Ram,In Stock,16000.0
LEXAR 4GB DDR4 2666MHZ DESKTOP RAM,2000,Skyland,Ram,In Stock,2000.0
TRANSCEND 32GB DDR4 2666MHZ U-DIMM DESKTOP RAM,15500,Skyland,Ram,In Stock,15500.0
TRANSCEND JETRAM 32GB DDR4 3200MHZ U-DIMM DESKTOP RAM,15000,Skyland,Ram,In Stock,15000.0
TRANSCEND JETRAM 16GB DDR4 3200MHZ U-DIMM DESKTOP RAM,7500,Skyland,Ram,In Stock,7500.0
TRANSCEND JETRAM 8GB DDR4 3200MHZ U-DIMM DESKTOP RAM,3500,Skyland,Ram,In Stock,3500.0
TRANSCEND 8GB DDR4 2666MHZ DESKTOP RAM,4800,Skyland,Ram,In Stock,4800.0
CORSAIR DOMINATOR PLATINUM RGB 16GB (2 X 8GB) DDR4 3200MHZ DESKTOP RAM,11400,TECHLAND,Ram,In Stock,11400.0
AITC RAPIDIEZ 8GB DDR4 2666MHZ RGB DESKTOP RAM,4500,TECHLAND,Ram,In Stock,4500.0
AITC KINGSMAN DDR3 8GB 1600MHZ HEATSINK DESKTOP RAM,2950,TECHLAND,Ram,In Stock,2950.0
CRUCIAL 8GB DDR5 4800MHZ UDIMM DDR5 DESKTOP RAM,6500,TECHLAND,Ram,In Stock,6500.0
CRUCIAL 32GB DDR5 4800MHZ UDIMM DDR5 DESKTOP RAM,24000,TECHLAND,Ram,In Stock,24000.0
CRUCIAL 16GB DDR5 4800MHZ UDIMM DDR5 DESKTOP RAM,12500,TECHLAND,Ram,In Stock,12500.0
APACER PANTHER RAGE RGB 8GB DDR4 2666MHZ DESKTOP RAM,3500,TECHLAND,Ram,In Stock,3500.0
APACER NOX 8GB DDR4 3600MHZ RGB AURA2 DIMM DESKTOP RAM,5000,TECHLAND,Ram,In Stock,5000.0
APACER NOX 32GB (16X2) DDR4 3600MHZ RGB AURA2 DIMM DESKTOP RAM,17300,TECHLAND,Ram,In Stock,17300.0
APACER NOX 16GB(2X8GB) DDR4 4266MHZ RGB AURA2 DIMM DESKTOP RAM,16800,TECHLAND,Ram,In Stock,16800.0
APACER NOX 16GB DDR4 3200MHZ RGB AURA2 DIMM DESKTOP RAM,7400,TECHLAND,Ram,In Stock,7400.0
G.SKILL RIPJAWS-V 16GB 2666MHZ DDR4 RAM,5800,TECHLAND,Ram,In Stock,5800.0
TWINMOS CONCORD DDR4 8GB 2666MHZ RGB DESKTOP RAM,3650,TECHLAND,Ram,In Stock,3650.0
TWINMOS 8GB 3200MHZ DDR4 DESKTOP RAM,4100,TECHLAND,Ram,In Stock,4100.0
TWINMOS 2GB DDR3 1600 MHZ DESKTOP RAM,1200,TECHLAND,Ram,In Stock,1200.0
TRANSCEND U-DIMM 8GB DDR4 2400MHZ DESKTOP RAM,4000,TECHLAND,Ram,In Stock,4000.0
TRANSCEND 4GB DDR4 2666MHZ DESKTOP RAM,2100,Skyland,Ram,In Stock,2100.0
CORSAIR DOMINATOR PLATINUM RGB 16GB 3200MHZ DDR4 RAM (WHITE),10900,Skyland,Ram,In Stock,10900.0
CORSAIR DOMINATOR PLATINUM RGB 8GB 3600MHZ DDR4 RAM WHITE,7800,Skyland,Ram,In Stock,7800.0
CORSAIR VENGEANCE RGB RS 16GB DDR4 3200MHZ RAM,7300,Skyland,Ram,In Stock,7300.0
TEAM T-FORCE VULCAN Z RED 4GB 2666 MHZ DDR4 GAMING RAM,2600,Skyland,Ram,In Stock,2600.0
TEAM DELTA 32GB 3200MHZ RGB DDR4 DESKTOP RAM,17600,Skyland,Ram,In Stock,17600.0
TEAM ELITE U-DIMM 8GB 2666MHZ DDR4 RAM,3200,Skyland,Ram,In Stock,3200.0
TEAM T-FORCE VULCAN Z RED 4GB 2666 MHZ DDR4 GAMING RAM,2600,Skyland,Ram,In Stock,2600.0
TEAM ELITE U-DIMM 4GB 2400MHZ DDR4 RAM,2400,Skyland,Ram,In Stock,2400.0
TWINMOS CONCORD DDR4 8GB 2666MHZ RGB DESKTOP RAM,4550,Skyland,Ram,In Stock,4550.0
WALTON WDR4L1626NN3 16GB DDR4 2666 MHZ U-DIMM DESKTOP RAM,6200,Skyland,Ram,In Stock,6200.0
WALTON WDR4L0426NN1 4GB DDR4 2666 MHZ DESKTOP RAM,2399,Skyland,Ram,In Stock,2399.0
WALTON WDR4L0424NN1 4GB DDR4 2400MHZ DESKTOP RAM,2300,Skyland,Ram,In Stock,2300.0
ZADAK MOAB RGB 8GB DDR4 3200MHZ DESKTOP RAM,5499,Skyland,Ram,In Stock,5499.0
ZADAK TWIST 8GB DDR4 3200MHZ DESKTOP RAM,4800,Skyland,Ram,In Stock,4800.0
AITC KINGSMAN DDR3 4GB 1600MHZ HEATSINK DESKTOP RAM,1750,Skyland,Ram,In Stock,1750.0
TRANSCEND JETRAM 8GB DDR4 2666MHZ U-DIMM DESKTOP RAM,4800,TECHLAND,Ram,In Stock,4800.0
TRANSCEND JETRAM 32GB DDR4 3200MHZ U-DIMM DESKTOP RAM,15000,TECHLAND,Ram,In Stock,15000.0
TRANSCEND JETRAM 32GB DDR4 2666MHZ U-DIMM DESKTOP RAM,15500,TECHLAND,Ram,In Stock,15500.0
TRANSCEND JETRAM 16GB DDR4 2666MHZ U-DIMM DESKTOP RAM,7300,TECHLAND,Ram,In Stock,7300.0
TRANSCEND 4GB DDR4 2666MHZ DESKTOP RAM,2300,TECHLAND,Ram,In Stock,2300.0
TEAM XTREEM 8GB 3200MHZ DDR4 ARGB GAMING RAM,5900,TECHLAND,Ram,In Stock,5900.0
TEAM XTREEM 16GB (8GBX2) 3200MHZ DDR4 ARGB GAMING RAM,13900,TECHLAND,Ram,In Stock,13900.0
TEAM VULCAN Z 8GB DDR4 2666MHZ GAMING RAM,3700,TECHLAND,Ram,In Stock,3700.0
TEAM VULCAN Z 16GB DDR4 2666 MHZ GAMING RAM,6350,TECHLAND,Ram,In Stock,6350.0
TEAM T-FORCE ZEUS 8GB 3200MHZ DDR4 DESKTOP GAMING RAM,3600,TECHLAND,Ram,In Stock,3600.0
TEAM T-FORCE VULCAN Z RED 8GB 3200MHZ DDR4 GAMING RAM,3350,TECHLAND,Ram,In Stock,3350.0
TEAM T-FORCE VULCAN Z 8GB 3200MHZ DDR4 GAMING RAM,3250,TECHLAND,Ram,In Stock,3250.0
TEAM T-FORCE VULCAN TUF GAMING ALLIANCE 8GB 3200MHZ DDR4 DESKTOP RAM,3400,TECHLAND,Ram,In Stock,3400.0
TEAM T-FORCE DELTA RGB WHITE 16GB 3200MHZ DDR4 GAMING DESKTOP RAM,7200,TECHLAND,Ram,In Stock,7200.0
TEAM T-FORCE DELTA 8GB 3200MHZ DDR4 RGB WHITE DESKTOP GAMING RAM,4300,TECHLAND,Ram,In Stock,4300.0
TEAM T-FORCE DELTA 8GB 2666MHZ DDR4 RGB WHITE DESKTOP RAM,4100,TECHLAND,Ram,In Stock,4100.0
AITC DDR3 4GB 1600MHZ U-DIMM DESKTOP RAM,1650,Skyland,Ram,In Stock,1650.0
THERMALTAKE TOUGHRAM RGB 32GB 3600MHZ DDR4 DESKTOP RAM,15800,Skyland,Ram,In Stock,15800.0
ADATA 16GB DDR4 2666MHZ DESKTOP RAM,9100,Skyland,Ram,In Stock,9100.0
ADATA XPG SPECTRIX D50 8GB DDR4 3600MHZ RGB GAMING RAM,5700,Skyland,Ram,In Stock,5700.0
ADATA XPG SPECTRIX D50 8GB DDR4 3200MHZ RGB GAMING RAM,5200,Skyland,Ram,In Stock,5200.0
ADATA XPG GAMMIX D30 8GB DDR4 3000MHZ RAM,4500,Skyland,Ram,In Stock,4500.0
ADATA 8 GB DDR4 2666 BUS DESKTOP RAM,4100,Skyland,Ram,In Stock,4100.0
ADATA 4 GB DDR4 2666 BUS DESKTOP RAM,2300,Skyland,Ram,In Stock,2300.0
TEAM ELITE 32GB 3200MHZ DDR4 DESKTOP RAM,15700,Skyland,Ram,In Stock,15700.0
TEAM DELTA RGB WHITE 16GB 3600MHZ DDR4 DESKTOP RAM,8300,Skyland,Ram,In Stock,8300.0
TEAM NIGHT HAWK UD 16GB 3200MHZ RGB DDR4 DESKTOP RAM,9100,Skyland,Ram,In Stock,9100.0
TEAM DELTA RGB 16GB DDR4 3200MHZ DESKTOP RAM,7700,Skyland,Ram,In Stock,7700.0
TEAM DARK 16GB DDR4 3200MHZ GAMING DESKTOP MEMORY,8800,Skyland,Ram,In Stock,8800.0
TEAM ELITE 16GB 3200MHZ DDR4 DESKTOP RAM,8500,Skyland,Ram,In Stock,8500.0
TEAM ELITE U-DIMM 16GB 2400MHZ DDR4 RAM,8300,Skyland,Ram,In Stock,8300.0
TEAM NIGHT HAWK UD 8GB 4000MHZ RGB DDR4 DESKTOP RAM,7200,Skyland,Ram,In Stock,7200.0
TEAM NIGHT HAWK 8GB 4000MHZ RGB DDR4 DESKTOP RAM,7200,TECHLAND,Ram,In Stock,7200.0
TEAM ELITE PLUS RED 8GB 3200MHZ DDR4 U-DIMM DESKTOP RAM,3050,TECHLAND,Ram,In Stock,3050.0
TEAM ELITE PLUS RED 8GB 2666MHZ DDR4 RAM,3500,TECHLAND,Ram,In Stock,3500.0
TEAM ELITE PLUS 4GB 2666MHZ DDR4 U-DIMM DESKTOP RAM,2500,TECHLAND,Ram,In Stock,2500.0
TEAM DELTA UD RGB 8GB DDR4 2666MHZ DESKTOP RAM,4100,TECHLAND,Ram,In Stock,4100.0
LEXAR 8GB DDR4 2666MHZ DESKTOP RAM,3300,TECHLAND,Ram,In Stock,3300.0
LEXAR 4GB DDR4 2666MHZ DESKTOP RAM,2000,TECHLAND,Ram,In Stock,2000.0
KINGSTON FURY BEAST 16GB 3200MHZ DDR4 DESKTOP RAM,6000,TECHLAND,Ram,In Stock,6000.0
GEIL ORION 8GB DDR4 3600 MHZ RGB DESKTOP RAM (RED),5500,TECHLAND,Ram,In Stock,5500.0
GEIL 16GB DDR4 4000 MHZ ORION RGB DESKTOP RAM (RED),13000,TECHLAND,Ram,In Stock,13000.0
GEIL 16GB DDR4 4000 MHZ ORION RGB DESKTOP RAM (GRAY),13000,TECHLAND,Ram,In Stock,13000.0
GEIL 16GB DDR4 3600 MHZ ORION RGB DESKTOP RAM (GRAY),10500,TECHLAND,Ram,In Stock,10500.0
GEIL 16GB DDR4 3600 MHZ ORION DESKTOP RAM (RED),10000,TECHLAND,Ram,In Stock,10000.0
GEIL 16GB DDR4 3600 MHZ ORION DESKTOP RAM (GRAY),10000,TECHLAND,Ram,In Stock,10000.0
G.SKILL TRIDENT Z ROYAL SERIES 16GB (2 X 8GB) 4600MHZ RGB DDR4 RAM,31000,TECHLAND,Ram,In Stock,31000.0
G.SKILL TRIDENT Z ROYAL RGB 16GB(2X8GB) DDR4 3200MHZ DESKTOP RAM,12500,TECHLAND,Ram,In Stock,12500.0
TEAM XTREEM 8GB 3200 MHZ ARGB DDR4 GAMING RAM,6950,Skyland,Ram,In Stock,6950.0
TEAM XCALIBUR UD 8GB 3600MHZ RGB DDR4 DESKTOP RAM,6100,Skyland,Ram,In Stock,6100.0
TEAM NIGHT HAWK 8GB 3600MHZ RGB DDR4 DESKTOP RAM,6100,Skyland,Ram,In Stock,6100.0
TEAM DELTA RGB 8GB 3600MHZ DDR4 DESKTOP RAM,5700,Skyland,Ram,In Stock,5700.0
TEAM T-FORCE DELTA 8GB 3200MHZ DDR4 RGB WHITE DESKTOP GAMING RAM,4800,Skyland,Ram,In Stock,4800.0
TEAM T-FORCE DELTA 8GB 2666MHZ DDR4 RGB WHITE DESKTOP RAM,4100,Skyland,Ram,In Stock,4100.0
TEAM T-FORCE VULCAN TUF GAMING ALLIANCE 8GB 3200MHZ DDR4 DESKTOP RAM,3799,Skyland,Ram,In Stock,3799.0
TEAM T-FORCE VULCAN Z 8GB DDR4 3200MHZ DESKTOP GAMING RAM,3799,Skyland,Ram,In Stock,3799.0
TEAM T-FORCE ZEUS 8GB 3200MHZ DDR4 DESKTOP GAMING RAM,3699,Skyland,Ram,In Stock,3699.0
TEAM ELITE PLUS 4GB 2666MHZ DDR4 U-DIMM DESKTOP RAM,2550,Skyland,Ram,In Stock,2550.0
CORSAIR DOMINATOR PLATINUM RGB 8 DDR4 3600MHZ DESKTOP RAM,7600,Skyland,Ram,In Stock,7600.0
G.SKILL TRIDENT Z ROYAL RGB 8GB DDR4 4266MHZ DESKTOP RAM,9400,Skyland,Ram,In Stock,9400.0
G.SKILL RIPJAWS-V 16GB 2666MHZ DDR4 RAM,7300,Skyland,Ram,In Stock,7300.0
AITC KINGSMAN 16GB DDR4 3200MHZ DESKTOP RAM,8900,Skyland,Ram,In Stock,8900.0
AITC KINGSMAN 8GB DDR4 3200MHZ DESKTOP RAM,4750,Skyland,Ram,In Stock,4750.0
G.SKILL RIPJAWS-V 16GB DDR4 2400MHZ DESKTOP RAM,6300,TECHLAND,Ram,In Stock,6300.0
CORSAIR VENGEANCE RGB PRO 32GB (2 X 16GB) DDR4 3200MHZ DESKTOP RAM,15000,TECHLAND,Ram,In Stock,15000.0
CORSAIR VENGEANCE RGB PRO 16GB (2 X 8GB) DDR4 3600MHZ DESKTOP RAM,10000,TECHLAND,Ram,In Stock,10000.0
APACER NOX 8GB DDR4 2666MHZ RGB AURA2 DIMM DESKTOP RAM,3700,TECHLAND,Ram,In Stock,3700.0
APACER 8GB DDR4 3200MHZ U-DIMM DESKTOP RAM ,3300,TECHLAND,Ram,In Stock,3300.0
APACER 8GB DDR3 1600MHZ DIMM DESKTOP RAM ,3300,TECHLAND,Ram,In Stock,3300.0
APACER 4GB DDR3 1600MHZ DIMM DESKTOP RAM ,2000,TECHLAND,Ram,In Stock,2000.0
AITC DDR4 8GB 2666MHZ DESKTOP RAM,3672,TECHLAND,Ram,In Stock,3672.0
ADATA XPG SPECTRIX D50 RGB 32GB DDR4 3200MHZ DESKTOP RAM,16500,TECHLAND,Ram,In Stock,16500.0
ADATA XPG SPECTRIX D50 RGB 16GB DDR4 3600MHZ DESKTOP RAM,8600,TECHLAND,Ram,In Stock,8600.0
ADATA XPG SPECTRIX D50 RGB 16GB DDR4 3200MHZ DESKTOP RAM,7500,TECHLAND,Ram,In Stock,7500.0
ADATA XPG SPECTRIX D50 8GB DDR4 3600MHZ RGB GAMING RAM,4900,TECHLAND,Ram,In Stock,4900.0
ADATA XPG SPECTRIX D50 8GB DDR4 3200MHZ RGB GAMING RAM,4800,TECHLAND,Ram,In Stock,4800.0
ADATA XPG GAMMIX D20 16GB DDR4 3200MHZ DESKTOP RAM,7000,TECHLAND,Ram,In Stock,7000.0
ADATA XPG GAMMIX D20 16GB (2X8GB) DDR4 3600MHZ DESKTOP RAM,8000,TECHLAND,Ram,In Stock,8000.0
ADATA XPG GAMMIX D10 8GB DDR4 2400MHZ DESKTOP RAM,5500,TECHLAND,Ram,In Stock,5500.0
ASUS PRIME Z690-A MOTHERBOARD AND TEAM DELTA 32GB (16GBX2) 6400MHZ DDR5 RGB GAMING RAM BUNDLE,93100,STARTECH,Ram,In Stock,93100.0
ASUS TUF GAMING Z690-PLUS WIFI MOTHERBOARD AND TEAM DELTA 32GB (16GBX2) 6400MHZ DDR5 RGB GAMING RAM BUNDLE,94400,STARTECH,Ram,In Stock,94400.0
ASUS ROG STRIX Z690-G GAMING WIFI MOTHERBOARD AND TEAM DELTA 32GB (16GBX2) 6400MHZ DDR5 RGB GAMING RAM BUNDLE,100100,STARTECH,Ram,In Stock,100100.0
ASUS ROG STRIX Z690-F GAMING WIFI MOTHERBOARD AND TEAM DELTA 32GB (16GBX2) 6400MHZ DDR5 RGB GAMING RAM BUNDLE,104800,STARTECH,Ram,In Stock,104800.0
ASUS PROART Z690-CREATOR WIFI MOTHERBOARD AND TEAM DELTA 32GB (16GBX2) 6400MHZ DDR5 RGB GAMING RAM BUNDLE,112100,STARTECH,Ram,In Stock,112100.0
ASUS ROG STRIX Z690-E GAMING WIFI MOTHERBOARD AND TEAM DELTA 32GB (16GBX2) 6400MHZ DDR5 RGB GAMING RAM BUNDLE,112600,STARTECH,Ram,In Stock,112600.0
THERMALTAKE 8GB TOUGHRAM Z ONE DDR4 3600 DESKTOP RAM,4600,Skyland,Ram,In Stock,4600.0
AITC KINGSMAN 8GB DDR4 3000MHZ DESKTOP RAM,3599,Skyland,Ram,In Stock,3599.0
AITC 8GB DDR4 UDIMM 3200MHZ DESKTOP RAM,4750,Skyland,Ram,In Stock,4750.0
AITC RAPIDEZ 8GB DDR4 2666MHZ RGB DESKTOP RAM,4450,Skyland,Ram,In Stock,4450.0
AITC RAPIDEZ 8GB DDR4 3200MHZ RGB DESKTOP RAM,4850,Skyland,Ram,In Stock,4850.0
AITC RAPIDEZ 16GB DDR4 3200MHZ RGB DESKTOP RAM,9200,Skyland,Ram,In Stock,9200.0
AITC KINGSMAN 16GB DDR4 3000MHZ DESKTOP RAM,7900,Skyland,Ram,In Stock,7900.0
AITC KINGSMAN 32GB DDR4 3200MHZ DESKTOP RAM,13500,Skyland,Ram,In Stock,13500.0
AITC KINGSMAN 8GB DDR4 3200MHZ RGB DESKTOP RAM,4250,Skyland,Ram,In Stock,4250.0
AITC 4GB DDR4 UDIMM 2666MHZ DESKTOP RAM,2499,Skyland,Ram,In Stock,2499.0
APACER NOX 8GB DDR4 2666MHZ RGB AURA2 DIMM DESKTOP RAM,4200,Skyland,Ram,In Stock,4200.0
APACER PANTHER RAGE RGB 16GB DDR4 3200MHZ DESKTOP RAM,7400,Skyland,Ram,In Stock,7400.0
PATRIOT VIPER STEEL 16GB 3200MHZ DDR4 GAMING DESKTOP RAM,7500,Skyland,Ram,In Stock,7500.0
AITC KINGSMAN 16GB DDR4 3200MHZ RGB DESKTOP RAM,8250,Skyland,Ram,In Stock,8250.0
TEAM NIGHT HAWK 16GB 3600MHZ RGB DDR4 DESKTOP RAM,9300,Skyland,Ram,In Stock,9300.0
TEAM NIGHT HAWK UD 16GB 3200MHZ RGB DDR4 DESKTOP RAM,9300,Skyland,Ram,In Stock,9300.0
ADATA SPECTRIX D40 RGB 8GB DDR4 3200MHZ DESKTOP RAM,8500,TECHLAND,Ram,In Stock,8500.0
ADATA 2GB DDR3 1600MHZ DESKTOP RAM,1250,TECHLAND,Ram,In Stock,1250.0
TWINMOS 8GB DDR4 2400MHZ DESKTOP RAM WITH HEATSINK,3700,TECHLAND,Ram,In Stock,3700.0
TRANSCEND JETRAM 4GB DDR4 2666MHZ U-DIMM DESKTOP RAM,2400,TECHLAND,Ram,In Stock,2400.0
TEAM ELITE PLUS 8GB DDR4 2400MHZ DESKTOP RAM,3300,TECHLAND,Ram,In Stock,3300.0
GEIL ORION 8GB DDR4 3600 MHZ RGB DESKTOP RAM (GRAY),5500,TECHLAND,Ram,In Stock,5500.0
CORSAIR VENGEANCE LPX 16GB DDR4 2400MHZ DESKTOP RAM,8500,TECHLAND,Ram,In Stock,8500.0
APACER 8GB DDR4 2666MHZ DIMM DESKTOP RAM ,3000,TECHLAND,Ram,In Stock,3000.0
AITC KINGSMAN DDR4 4GB 2666MHZ DESKTOP RAM,1930,TECHLAND,Ram,In Stock,1930.0
ADATA PREMIER 4 GB DDR4 2666MHZ DESKTOP RAM,2500,TECHLAND,Ram,In Stock,2500.0
TEAM T-FORCE DARK ZÎ‘ 8GB DDR4 3600MHZ DESKTOP RAM,4000,TECHLAND,Ram,In Stock,4000.0
RAMSTA 4GB DDR4 2400MHZ DESKTOP RAM,2000,TECHLAND,Ram,In Stock,2000.0
G.SKILL RIPJAWS-V 8GB DDR4 3200MHZ DESKTOP RAM,3500,TECHLAND,Ram,In Stock,3500.0
G.SKILL RIPJAWS-V 16GB DDR4 3200MHZ DESKTOP RAM,6300,TECHLAND,Ram,In Stock,6300.0
G.SKILL NT-SERIES 4GB DDR4 2400MHZ DESKTOP RAM,2200,TECHLAND,Ram,In Stock,2200.0
CORSAIR VENGEANCE RGB RS 16GB (1 X 16GB) DDR4 3200MHZ DESKTOP RAM,7300,TECHLAND,Ram,In Stock,7300.0
PATRIOT VIPER GAMING RGB 16GB DDR4 3200MHZ DESKTOP RAM,7700,Skyland,Ram,In Stock,7700.0
TEAM DELTA RGB 8GB DDR4 3200MHZ DESKTOP RAM,5700,Skyland,Ram,In Stock,5700.0
LEVEN LARES 8GB DDR4 2666MHZ UDIMM DESKTOP RAM,3800,Skyland,Ram,In Stock,3800.0
LEVEN 4GB DDR4 2400MHZ UDIMM DESKTOP RAM,1950,Skyland,Ram,In Stock,1950.0
TEAM XCALIBUR RGB 16GB(2 X 8GB) DDR4 3600MHZ DESKTOP RAM,11700,Skyland,Ram,In Stock,11700.0
TEAM NIGHT HAWK UD RGB 8GB DDR4 3200MHZ DESKTOP RAM,5900,Skyland,Ram,In Stock,5900.0
TEAM T-FORCE DARK 16GB (8GBX2) DDR4 3200 MHZ DESKTOP RAM,8200,Skyland,Ram,In Stock,8200.0
TEAM ELITE PLUS 4GB DDR4 2400MHZ DESKTOP RAM,2350,Skyland,Ram,In Stock,2350.0
TEAM T-FORCE DARK 32GB (2 X 16GB) DDR4 3200MHZ DESKTOP RAM,17300,Skyland,Ram,In Stock,17300.0
TEAM DELTA RGB 32 GB (2 X 16 GB) DDR4 3200MHZ DESKTOP RAM,17400,Skyland,Ram,In Stock,17400.0
G.SKILL RIPJAWS-V 16GB DDR4 2400MHZ DESKTOP RAM,7000,Skyland,Ram,In Stock,7000.0
G.SKILL RIPJAWS-V 16GB DDR4 3200MHZ DESKTOP RAM,8800,Skyland,Ram,In Stock,8800.0
G.SKILL TRIDENT Z ROYAL RGB 8GB DDR4 3200MHZ DESKTOP RAM,7100,Skyland,Ram,In Stock,7100.0
CORSAIR VENGEANCE RGB PRO 8GB DDR4 3600MHZ DESKTOP RAM,5000,TECHLAND,Ram,In Stock,5000.0
CORSAIR DOMINATOR PLATINUM RGB 16GB DDR4 3200MHZ DESKTOP RAM,10300,TECHLAND,Ram,In Stock,10300.0
APACER PANTHER-GOLDEN 8GB 3200MHZ GAMNG DESKTOP RAM,3250,TECHLAND,Ram,In Stock,3250.0
APACER 4GB DDR4 2666MHZ DIMM DESKTOP RAM ,2300,TECHLAND,Ram,In Stock,2300.0
ADATA SPECTRIX D40 RGB 8GB DDR4 3000MHZ DESKTOP RAM,8200,TECHLAND,Ram,In Stock,8200.0
TRANSCEND 8GB DDR4 2666MHZ DESKTOP RAM,4900,TECHLAND,Ram,In Stock,4900.0
TEAM ELITE PLUS 4GB DDR4 2400MHZ DESKTOP RAM,2350,TECHLAND,Ram,In Stock,2350.0
PATRIOT SIGNATURE LINE 4GB DDR4 2666MHZ HEATSINK DESKTOP RAM,2200,TECHLAND,Ram,In Stock,2200.0
GEIL SUPER LUCE RGB 8GB DDR4 3200MHZ DESKTOP RAM,5100,TECHLAND,Ram,In Stock,5100.0
G.SKILL RIPJAWS-V 8GB DDR4 2400MHZ DESKTOP RAM ,4200,TECHLAND,Ram,In Stock,4200.0
G.SKILL RIPJAWS-V 32GB DDR4 3200MHZ DESKTOP RAM,11200,TECHLAND,Ram,In Stock,11200.0
ADATA XPG SPECTRIX D60G RGB 8GB DDR4 3200MHZ DESKTOP RAM,5200,TECHLAND,Ram,In Stock,5200.0
ADATA 4GB DDR4 2400MHZ DESKTOP RAM,2100,TECHLAND,Ram,In Stock,2100.0
G.SKILL RIPJAWS-V 4GB DDR4 2400MHZ DESKTOP RAM,2400,TECHLAND,Ram,In Stock,2400.0
ADATA PREMIER 8GB DDR3 1600 MHZ DESKTOP RAM,3300,TECHLAND,Ram,In Stock,3300.0
TWINMOS 4GB DDR4 2400MHZ DESKTOP RAM,2200,TECHLAND,Ram,In Stock,2200.0
GEIL EVO SPEAR 16GB DDR4 2400MHZ DESKTOP RAM,6400,Skyland,Ram,In Stock,6400.0
GEIL PRISTINE 4GB DDR4 2400MHZ DESKTOP RAM,2300,Skyland,Ram,In Stock,2300.0
GEIL EVO SPEAR 8GB DDR4 2400MHZ DESKTOP RAM,3400,Skyland,Ram,In Stock,3400.0
GEIL PRISTINE 8GB DDR4 2400MHZ DESKTOP RAM,3300,Skyland,Ram,In Stock,3300.0
GEIL EVO SPEAR 4GB DDR4 2666 MHZ DESKTOP RAM,2350,Skyland,Ram,In Stock,2350.0
GEIL EVO SPEAR 16GB DDR4 3200 MHZ DESKTOP RAM,9500,Skyland,Ram,In Stock,9500.0
PATRIOT SIGNATURE LINE PREMIUM 4GB DDR4 2400MHZ DESKTOP RAM,2100,TECHLAND,Ram,In Stock,2100.0
GIGABYTE AORUS 16GB DDR5 5200MHZ DESKTOP RAM,15000,TECHLAND,Ram,In Stock,15000.0
G.SKILL TRIDENT Z ROYAL RGB 16GB(2X8GB) DDR4 3600MHZ DESKTOP RAM,12600,TECHLAND,Ram,In Stock,12600.0
ADATA 4GB DDR3 1600MHZ DESKTOP RAM,1800,TECHLAND,Ram,In Stock,1800.0
TEAM T-FORCE DARK 32GB (2 X 16GB) DDR4 3200MHZ DESKTOP RAM,14000,TECHLAND,Ram,In Stock,14000.0
G.SKILL TRIDENT Z 8GB DDR4 3200MHZ DESKTOP RAM,4150,TECHLAND,Ram,In Stock,4150.0
